{
	"credit": "Made by McTsts with Blockbench",
	"parent": "item/raft/size",
	"textures": {
		"0": "entity/chest/normal",
		"particle": "block/oak_planks"
	},
	"elements": [
		{
			"name": "ChestBottom",
			"from": [1, 0, 1],
			"to": [15, 10, 15],
			"rotation": {"angle": 0, "axis": "y", "origin": [9.2, 8.5, 31.57143]},
			"faces": {
				"north": {"uv": [10.5, 8.25, 14, 10.75], "rotation": 180, "texture": "#0"},
				"east": {"uv": [7, 8.25, 10.5, 10.75], "rotation": 180, "texture": "#0"},
				"south": {"uv": [3.5, 8.25, 7, 10.75], "rotation": 180, "texture": "#0"},
				"west": {"uv": [0, 8.25, 3.5, 10.75], "rotation": 180, "texture": "#0"},
				"up": {"uv": [7, 4.75, 10.5, 8.25], "texture": "#0"},
				"down": {"uv": [3.5, 4.75, 7, 8.25], "texture": "#0"}
			}
		}
	]
}