{
"fire_burst": {"sounds": [{"name": "spells/fire_burst", "stream": true}], "category":"ambient"},
"freeze_blast": {"sounds": [{"name": "spells/freeze_blast", "stream": true}], "category":"ambient"},
"lifesteal": {"sounds": [{"name": "spells/lifesteal", "stream": true}], "category":"ambient"},
"knockback_gust": {"sounds": [{"name": "spells/knockback_gust", "stream": true}], "category":"ambient"},
"shulker_bullet": {"sounds": [{"name": "spells/shulker_bullet", "stream": true}], "category":"ambient"},
"inferno": {"sounds": [{"name": "spells/inferno", "stream": true}], "category":"ambient"},
"saturation": {"sounds": [{"name": "spells/saturation", "stream": true}], "category":"ambient"},
"healing": {"sounds": [{"name": "spells/healing", "stream": true}], "category":"ambient"},
"swiftness": {"sounds": [{"name": "spells/swiftness", "stream": true}], "category":"ambient"},
"teleportation_do": {"sounds": [{"name": "spells/teleportation_do", "stream": true}], "category":"ambient"},
"teleportation_place": {"sounds": [{"name": "spells/teleportation_place", "stream": true}], "category":"ambient"},

"bad_sensation": {"sounds": [{"name": "custom_music/bad_sensation", "stream": true}], "category":"voice"},
"frozen": {"sounds": [{"name": "custom_music/frozen", "stream": true}], "category":"voice"},
"king_of_the_hill": {"sounds": [{"name": "custom_music/king_of_the_hill", "stream": true}], "category":"voice"},
"lost_in_the_maze": {"sounds": [{"name": "custom_music/lost_in_the_maze", "stream": true}], "category":"voice"},
"persecution_danger": {"sounds": [{"name": "custom_music/persecution_danger", "stream": true}], "category":"voice"},
"simple_hockey": {"sounds": [{"name": "custom_music/simple_hockey", "stream": true}], "category":"voice"},
"sticks_and_stones": {"sounds": [{"name": "custom_music/sticks_and_stones", "stream": true}], "category":"voice"},
"the_crypt": {"sounds": [{"name": "custom_music/the_crypt", "stream": true}], "category":"voice"}
}