{
	"credit": "Made by McTsts with Blockbench",
	"textures": {
		"2": "crow2/black",
		"3": "crow2/eye",
		"5": "crow2/beak",
		"particle": "crow2/black"
	},
	"elements": [
		{
			"from": [6.5, 0, 8],
			"to": [7.5, 0, 9],
			"faces": {
				"up": {"uv": [8, 0, 9, 1], "texture": "#5"},
				"down": {"uv": [8, 0, 9, 1], "texture": "#5"}
			}
		},
		{
			"from": [8.5, 0, 8],
			"to": [9.5, 0, 9],
			"faces": {
				"up": {"uv": [8, 0, 9, 1], "texture": "#5"},
				"down": {"uv": [8, 0, 9, 1], "texture": "#5"}
			}
		},
		{
			"from": [8.5, 0, 9],
			"to": [9.5, 2.5, 9],
			"faces": {
				"north": {"uv": [8, 0, 9, 2.5], "texture": "#5"},
				"south": {"uv": [8, 0, 9, 2.5], "texture": "#5"}
			}
		},
		{
			"from": [6.5, 0, 9],
			"to": [7.5, 2.5, 9],
			"faces": {
				"north": {"uv": [8, 0, 9, 2.5], "texture": "#5"},
				"south": {"uv": [8, 0, 9, 2.5], "texture": "#5"}
			}
		},
		{
			"from": [6.5, 3.75, 8.5],
			"to": [9.5, 6.25, 13.25],
			"rotation": {"angle": 45, "axis": "x", "origin": [8.5, 8, 8]},
			"faces": {
				"north": {"uv": [0, 0, 3, 2.5], "rotation": 180, "texture": "#2"},
				"east": {"uv": [0, 0, 2.5, 4.75], "rotation": 90, "texture": "#2"},
				"south": {"uv": [0, 0, 3, 2.5], "texture": "#2"},
				"west": {"uv": [0, 0, 2.5, 4.75], "rotation": 270, "texture": "#2"},
				"up": {"uv": [0, 0, 3, 4.75], "texture": "#2"},
				"down": {"uv": [0, 0, 3, 4.75], "rotation": 180, "texture": "#2"}
			}
		},
		{
			"from": [6.75, 3, 11.25],
			"to": [9.25, 4, 13.75],
			"rotation": {"angle": 22.5, "axis": "x", "origin": [8.5, 8, 8]},
			"faces": {
				"north": {"uv": [0, 0, 2.5, 1], "rotation": 180, "texture": "#2"},
				"east": {"uv": [0, 0, 1, 2.5], "rotation": 90, "texture": "#2"},
				"south": {"uv": [0, 0, 2.5, 1], "texture": "#2"},
				"west": {"uv": [0, 0, 1, 2.5], "rotation": 270, "texture": "#2"},
				"up": {"uv": [0, 0, 2.5, 2.5], "texture": "#2"},
				"down": {"uv": [0, 0, 2.5, 2.5], "rotation": 180, "texture": "#2"}
			}
		},
		{
			"from": [6, 3.5, 7.75],
			"to": [6.5, 5.75, 11.25],
			"rotation": {"angle": 22.5, "axis": "x", "origin": [8.5, 8, 8]},
			"faces": {
				"north": {"uv": [0, 0, 0.5, 2.25], "rotation": 180, "texture": "#2"},
				"east": {"uv": [0, 0, 2.25, 3.5], "rotation": 90, "texture": "#2"},
				"south": {"uv": [0, 0, 0.5, 2.25], "texture": "#2"},
				"west": {"uv": [0, 0, 2.25, 3.5], "rotation": 270, "texture": "#2"},
				"up": {"uv": [0, 0, 0.5, 3.5], "texture": "#2"},
				"down": {"uv": [0, 0, 0.5, 3.5], "rotation": 180, "texture": "#2"}
			}
		},
		{
			"from": [9.5, 3.5, 7.75],
			"to": [10, 5.75, 11.25],
			"rotation": {"angle": 22.5, "axis": "x", "origin": [8.5, 8, 8]},
			"faces": {
				"north": {"uv": [0, 0, 0.5, 2.25], "rotation": 180, "texture": "#2"},
				"east": {"uv": [0, 0, 2.25, 3.5], "rotation": 90, "texture": "#2"},
				"south": {"uv": [0, 0, 0.5, 2.25], "texture": "#2"},
				"west": {"uv": [0, 0, 2.25, 3.5], "rotation": 270, "texture": "#2"},
				"up": {"uv": [0, 0, 0.5, 3.5], "texture": "#2"},
				"down": {"uv": [0, 0, 0.5, 3.5], "rotation": 180, "texture": "#2"}
			}
		},
		{
			"from": [6.75, 5, 5],
			"to": [9.25, 7.25, 7.25],
			"faces": {
				"north": {"uv": [2, 5, 6.25, 9.25], "rotation": 270, "texture": "#2"},
				"east": {"uv": [2, 5, 6.25, 9.25], "rotation": 270, "texture": "#2"},
				"south": {"uv": [2, 5, 6.25, 9.25], "rotation": 270, "texture": "#2"},
				"west": {"uv": [2, 5, 6.25, 9.25], "rotation": 270, "texture": "#2"},
				"up": {"uv": [2, 5, 6.25, 9.25], "rotation": 270, "texture": "#2"},
				"down": {"uv": [2, 5, 6.25, 9.25], "rotation": 270, "texture": "#2"}
			}
		},
		{
			"from": [7.25, 5.5, 3.75],
			"to": [8.75, 6.25, 5],
			"faces": {
				"north": {"uv": [0, 0, 1.5, 0.75], "rotation": 180, "texture": "#5"},
				"east": {"uv": [0, 0, 0.75, 1.25], "rotation": 90, "texture": "#5"},
				"south": {"uv": [0, 0, 1.5, 0.75], "texture": "#5"},
				"west": {"uv": [0, 0, 0.75, 1.25], "rotation": 270, "texture": "#5"},
				"up": {"uv": [0, 0, 1.5, 1.25], "texture": "#5"},
				"down": {"uv": [0, 0, 1.5, 1.25], "rotation": 180, "texture": "#5"}
			}
		},
		{
			"from": [7.5, 5.25, 4.25],
			"to": [8.5, 5.5, 5],
			"faces": {
				"north": {"uv": [0, 0, 1, 0.25], "rotation": 180, "texture": "#5"},
				"east": {"uv": [0, 0, 0.25, 0.75], "rotation": 90, "texture": "#5"},
				"south": {"uv": [0, 0, 1, 0.25], "texture": "#5"},
				"west": {"uv": [0, 0, 0.25, 0.75], "rotation": 270, "texture": "#5"},
				"up": {"uv": [0, 0, 1, 0.75], "texture": "#5"},
				"down": {"uv": [0, 0, 1, 0.75], "rotation": 180, "texture": "#5"}
			}
		},
		{
			"from": [6.74, 6, 5.5],
			"to": [6.75, 6.75, 6.25],
			"faces": {
				"north": {"uv": [2, 9.25, 6.25, 5], "rotation": 270, "texture": "#2"},
				"east": {"uv": [2, 9.25, 6.25, 5], "rotation": 270, "texture": "#2"},
				"south": {"uv": [2, 9.25, 6.25, 5], "rotation": 270, "texture": "#2"},
				"west": {"uv": [0, 15.25, 15.25, 0], "rotation": 270, "texture": "#3"},
				"up": {"uv": [2, 9.25, 6.25, 5], "rotation": 270, "texture": "#2"},
				"down": {"uv": [2, 9.25, 6.25, 5], "rotation": 270, "texture": "#2"}
			}
		},
		{
			"from": [9.25, 6, 5.5],
			"to": [9.26, 6.75, 6.25],
			"faces": {
				"north": {"uv": [2, 5, 6.25, 9.25], "rotation": 270, "texture": "#2"},
				"east": {"uv": [0, 0, 15.25, 15.25], "rotation": 270, "texture": "#3"},
				"south": {"uv": [2, 5, 6.25, 9.25], "rotation": 270, "texture": "#2"},
				"west": {"uv": [2, 5, 6.25, 9.25], "rotation": 270, "texture": "#2"},
				"up": {"uv": [2, 5, 6.25, 9.25], "rotation": 270, "texture": "#2"},
				"down": {"uv": [2, 5, 6.25, 9.25], "rotation": 270, "texture": "#2"}
			}
		}
	],
	"display": {
		"head": {
			"translation": [0, -28.5, 0],
			"scale": [1.8, 1.8, 1.8]
		}
	},
	"groups": [
		{
			"name": "crow",
			"origin": [8, 8, 8],
			"children": [0, 1, 2, 3, 4, 5, 6, 7, 8, 9, 10, 11, 12]
		}
	]
}