{
    "__comment": "Model generated using MrCrayfish's Model Creator (http://mrcrayfish.com/modelcreator/)",
    "textures": {
        "0": "block/spruce_log",
        "particle": "block/spruce_log",
        "1": "block/spruce_log_top"
    },
    "elements": [
        {
            "name": "Cube",
            "from": [ 0.0, 1.0, 1.0 ], 
            "to": [ 1.0, 4.0, 15.0 ], 
            "faces": {
                "north": { "texture": "#0", "uv": [ 0.0, 0.0, 1.0, 3.0 ] },
                "east": { "texture": "#0", "uv": [ 0.0, 0.0, 14.0, 3.0 ] },
                "south": { "texture": "#0", "uv": [ 0.0, 0.0, 1.0, 3.0 ] },
                "west": { "texture": "#0", "uv": [ 0.0, 0.0, 14.0, 3.0 ] },
                "up": { "texture": "#0", "uv": [ 0.0, 0.0, 1.0, 14.0 ] },
                "down": { "texture": "#0", "uv": [ 0.0, 0.0, 1.0, 14.0 ] }
            }
        },
        {
            "name": "Cube",
            "from": [ 1.0, 3.0, 1.0 ], 
            "to": [ 4.0, 4.0, 15.0 ], 
            "faces": {
                "north": { "texture": "#0", "uv": [ 0.0, 0.0, 3.0, 1.0 ] },
                "east": { "texture": "#0", "uv": [ 0.0, 0.0, 14.0, 1.0 ] },
                "south": { "texture": "#0", "uv": [ 0.0, 0.0, 3.0, 1.0 ] },
                "west": { "texture": "#0", "uv": [ 0.0, 0.0, 14.0, 1.0 ] },
                "up": { "texture": "#0", "uv": [ 0.0, 0.0, 3.0, 14.0 ] },
                "down": { "texture": "#0", "uv": [ 0.0, 0.0, 3.0, 14.0 ] }
            }
        },
        {
            "name": "Cube",
            "from": [ 3.0, 0.0, 1.0 ], 
            "to": [ 4.0, 3.0, 15.0 ], 
            "faces": {
                "north": { "texture": "#0", "uv": [ 0.0, 0.0, 1.0, 3.0 ] },
                "east": { "texture": "#0", "uv": [ 0.0, 0.0, 14.0, 3.0 ] },
                "south": { "texture": "#0", "uv": [ 0.0, 0.0, 1.0, 3.0 ] },
                "west": { "texture": "#0", "uv": [ 0.0, 0.0, 14.0, 3.0 ] },
                "up": { "texture": "#0", "uv": [ 0.0, 0.0, 1.0, 14.0 ] },
                "down": { "texture": "#0", "uv": [ 0.0, 0.0, 1.0, 14.0 ] }
            }
        },
        {
            "name": "Cube",
            "from": [ 1.0, 1.0, 1.0 ], 
            "to": [ 3.0, 3.0, 15.0 ], 
            "faces": {
                "north": { "texture": "#1", "uv": [ 6.0, 6.0, 8.0, 8.0 ] },
                "east": { "texture": "#1", "uv": [ 1.0, 7.0, 15.0, 9.0 ] },
                "south": { "texture": "#1", "uv": [ 6.0, 6.0, 8.0, 8.0 ] },
                "west": { "texture": "#1", "uv": [ 0.0, 0.0, 14.0, 2.0 ] },
                "up": { "texture": "#1", "uv": [ 0.0, 0.0, 2.0, 14.0 ] },
                "down": { "texture": "#1", "uv": [ 0.0, 0.0, 2.0, 14.0 ] }
            }
        },
        {
            "name": "Cube",
            "from": [ 0.0, 0.0, 1.0 ], 
            "to": [ 3.0, 1.0, 15.0 ], 
            "faces": {
                "north": { "texture": "#0", "uv": [ 6.0, 6.0, 9.0, 7.0 ] },
                "east": { "texture": "#0", "uv": [ 1.0, 7.0, 15.0, 8.0 ] },
                "south": { "texture": "#0", "uv": [ 6.0, 6.0, 9.0, 7.0 ] },
                "west": { "texture": "#0", "uv": [ 0.0, 0.0, 14.0, 1.0 ] },
                "up": { "texture": "#0", "uv": [ 0.0, 0.0, 3.0, 14.0 ] },
                "down": { "texture": "#0", "uv": [ 0.0, 0.0, 3.0, 14.0 ] }
            }
        },
        {
            "name": "2#1",
            "from": [ 6.0, 1.0, 1.0 ], 
            "to": [ 7.0, 4.0, 15.0 ], 
            "rotation": { "origin": [ 8.0, 8.0, 8.0 ], "axis": "y", "angle": -22.5 },
            "faces": {
                "north": { "texture": "#0", "uv": [ 0.0, 0.0, 1.0, 3.0 ] },
                "east": { "texture": "#0", "uv": [ 0.0, 0.0, 14.0, 3.0 ] },
                "south": { "texture": "#0", "uv": [ 0.0, 0.0, 1.0, 3.0 ] },
                "west": { "texture": "#0", "uv": [ 0.0, 0.0, 14.0, 3.0 ] },
                "up": { "texture": "#0", "uv": [ 0.0, 0.0, 1.0, 14.0 ] },
                "down": { "texture": "#0", "uv": [ 0.0, 0.0, 1.0, 14.0 ] }
            }
        },
        {
            "name": "Cube",
            "from": [ 7.0, 3.0, 1.0 ], 
            "to": [ 10.0, 4.0, 15.0 ], 
            "rotation": { "origin": [ 8.0, 8.0, 8.0 ], "axis": "y", "angle": -22.5 },
            "faces": {
                "north": { "texture": "#0", "uv": [ 0.0, 0.0, 3.0, 1.0 ] },
                "east": { "texture": "#0", "uv": [ 0.0, 0.0, 14.0, 1.0 ] },
                "south": { "texture": "#0", "uv": [ 0.0, 0.0, 3.0, 1.0 ] },
                "west": { "texture": "#0", "uv": [ 0.0, 0.0, 14.0, 1.0 ] },
                "up": { "texture": "#0", "uv": [ 0.0, 0.0, 3.0, 14.0 ] },
                "down": { "texture": "#0", "uv": [ 0.0, 0.0, 3.0, 14.0 ] }
            }
        },
        {
            "name": "Cube",
            "from": [ 9.0, 0.0, 1.0 ], 
            "to": [ 10.0, 3.0, 15.0 ], 
            "rotation": { "origin": [ 8.0, 8.0, 8.0 ], "axis": "y", "angle": -22.5 },
            "faces": {
                "north": { "texture": "#0", "uv": [ 0.0, 0.0, 1.0, 3.0 ] },
                "east": { "texture": "#0", "uv": [ 0.0, 0.0, 14.0, 3.0 ] },
                "south": { "texture": "#0", "uv": [ 0.0, 0.0, 1.0, 3.0 ] },
                "west": { "texture": "#0", "uv": [ 0.0, 0.0, 14.0, 3.0 ] },
                "up": { "texture": "#0", "uv": [ 0.0, 0.0, 1.0, 14.0 ] },
                "down": { "texture": "#0", "uv": [ 0.0, 0.0, 1.0, 14.0 ] }
            }
        },
        {
            "name": "Cube",
            "from": [ 7.0, 1.0, 1.0 ], 
            "to": [ 9.0, 3.0, 15.0 ], 
            "rotation": { "origin": [ 8.0, 8.0, 8.0 ], "axis": "y", "angle": -22.5 },
            "faces": {
                "north": { "texture": "#1", "uv": [ 6.0, 6.0, 8.0, 8.0 ] },
                "east": { "texture": "#1", "uv": [ 1.0, 7.0, 15.0, 9.0 ] },
                "south": { "texture": "#1", "uv": [ 6.0, 6.0, 8.0, 8.0 ] },
                "west": { "texture": "#1", "uv": [ 0.0, 0.0, 14.0, 2.0 ] },
                "up": { "texture": "#1", "uv": [ 0.0, 0.0, 2.0, 14.0 ] },
                "down": { "texture": "#1", "uv": [ 0.0, 0.0, 2.0, 14.0 ] }
            }
        },
        {
            "name": "2#5",
            "from": [ 6.0, 0.0, 1.0 ], 
            "to": [ 9.0, 1.0, 15.0 ], 
            "rotation": { "origin": [ 8.0, 8.0, 8.0 ], "axis": "y", "angle": -22.5 },
            "faces": {
                "north": { "texture": "#0", "uv": [ 6.0, 6.0, 9.0, 7.0 ] },
                "east": { "texture": "#0", "uv": [ 1.0, 7.0, 15.0, 8.0 ] },
                "south": { "texture": "#0", "uv": [ 6.0, 6.0, 9.0, 7.0 ] },
                "west": { "texture": "#0", "uv": [ 0.0, 0.0, 14.0, 1.0 ] },
                "up": { "texture": "#0", "uv": [ 0.0, 0.0, 3.0, 14.0 ] },
                "down": { "texture": "#0", "uv": [ 0.0, 0.0, 3.0, 14.0 ] }
            }
        },
        {
            "name": "Cube",
            "from": [ 3.0, 4.0, 1.0 ], 
            "to": [ 4.0, 7.0, 15.0 ], 
            "faces": {
                "north": { "texture": "#0", "uv": [ 0.0, 0.0, 1.0, 3.0 ] },
                "east": { "texture": "#0", "uv": [ 0.0, 0.0, 14.0, 3.0 ] },
                "south": { "texture": "#0", "uv": [ 0.0, 0.0, 1.0, 3.0 ] },
                "west": { "texture": "#0", "uv": [ 0.0, 0.0, 14.0, 3.0 ] },
                "up": { "texture": "#0", "uv": [ 0.0, 0.0, 1.0, 14.0 ] },
                "down": { "texture": "#0", "uv": [ 0.0, 0.0, 1.0, 14.0 ] }
            }
        },
        {
            "name": "Cube",
            "from": [ 4.0, 4.0, 1.0 ], 
            "to": [ 7.0, 5.0, 15.0 ], 
            "faces": {
                "north": { "texture": "#0", "uv": [ 0.0, 0.0, 3.0, 1.0 ] },
                "east": { "texture": "#0", "uv": [ 0.0, 0.0, 14.0, 1.0 ] },
                "south": { "texture": "#0", "uv": [ 0.0, 0.0, 3.0, 1.0 ] },
                "west": { "texture": "#0", "uv": [ 0.0, 0.0, 14.0, 1.0 ] },
                "up": { "texture": "#0", "uv": [ 0.0, 0.0, 3.0, 14.0 ] },
                "down": { "texture": "#0", "uv": [ 0.0, 0.0, 3.0, 14.0 ] }
            }
        },
        {
            "name": "Cube",
            "from": [ 6.0, 5.0, 1.0 ], 
            "to": [ 7.0, 8.0, 15.0 ], 
            "faces": {
                "north": { "texture": "#0", "uv": [ 0.0, 0.0, 1.0, 3.0 ] },
                "east": { "texture": "#0", "uv": [ 0.0, 0.0, 14.0, 3.0 ] },
                "south": { "texture": "#0", "uv": [ 0.0, 0.0, 1.0, 3.0 ] },
                "west": { "texture": "#0", "uv": [ 0.0, 0.0, 14.0, 3.0 ] },
                "up": { "texture": "#0", "uv": [ 0.0, 0.0, 1.0, 14.0 ] },
                "down": { "texture": "#0", "uv": [ 0.0, 0.0, 1.0, 14.0 ] }
            }
        },
        {
            "name": "Cube",
            "from": [ 4.0, 5.0, 1.0 ], 
            "to": [ 6.0, 7.0, 15.0 ], 
            "faces": {
                "north": { "texture": "#1", "uv": [ 6.0, 6.0, 8.0, 8.0 ] },
                "east": { "texture": "#1", "uv": [ 1.0, 7.0, 15.0, 9.0 ] },
                "south": { "texture": "#1", "uv": [ 6.0, 6.0, 8.0, 8.0 ] },
                "west": { "texture": "#1", "uv": [ 0.0, 0.0, 14.0, 2.0 ] },
                "up": { "texture": "#1", "uv": [ 0.0, 0.0, 2.0, 14.0 ] },
                "down": { "texture": "#1", "uv": [ 0.0, 0.0, 2.0, 14.0 ] }
            }
        },
        {
            "name": "Cube",
            "from": [ 3.0, 7.0, 1.0 ], 
            "to": [ 6.0, 8.0, 15.0 ], 
            "faces": {
                "north": { "texture": "#0", "uv": [ 6.0, 6.0, 9.0, 7.0 ] },
                "east": { "texture": "#0", "uv": [ 1.0, 7.0, 15.0, 8.0 ] },
                "south": { "texture": "#0", "uv": [ 6.0, 6.0, 9.0, 7.0 ] },
                "west": { "texture": "#0", "uv": [ 0.0, 0.0, 14.0, 1.0 ] },
                "up": { "texture": "#0", "uv": [ 0.0, 0.0, 3.0, 14.0 ] },
                "down": { "texture": "#0", "uv": [ 0.0, 0.0, 3.0, 14.0 ] }
            }
        },
        {
            "name": "Cube",
            "from": [ 12.0, 1.0, 1.0 ], 
            "to": [ 13.0, 4.0, 15.0 ], 
            "faces": {
                "north": { "texture": "#0", "uv": [ 0.0, 0.0, 1.0, 3.0 ] },
                "east": { "texture": "#0", "uv": [ 0.0, 0.0, 14.0, 3.0 ] },
                "south": { "texture": "#0", "uv": [ 0.0, 0.0, 1.0, 3.0 ] },
                "west": { "texture": "#0", "uv": [ 0.0, 0.0, 14.0, 3.0 ] },
                "up": { "texture": "#0", "uv": [ 0.0, 0.0, 1.0, 14.0 ] },
                "down": { "texture": "#0", "uv": [ 0.0, 0.0, 1.0, 14.0 ] }
            }
        },
        {
            "name": "Cube",
            "from": [ 13.0, 3.0, 1.0 ], 
            "to": [ 16.0, 4.0, 15.0 ], 
            "faces": {
                "north": { "texture": "#0", "uv": [ 0.0, 0.0, 3.0, 1.0 ] },
                "east": { "texture": "#0", "uv": [ 0.0, 0.0, 14.0, 1.0 ] },
                "south": { "texture": "#0", "uv": [ 0.0, 0.0, 3.0, 1.0 ] },
                "west": { "texture": "#0", "uv": [ 0.0, 0.0, 14.0, 1.0 ] },
                "up": { "texture": "#0", "uv": [ 0.0, 0.0, 3.0, 14.0 ] },
                "down": { "texture": "#0", "uv": [ 0.0, 0.0, 3.0, 14.0 ] }
            }
        },
        {
            "name": "Cube",
            "from": [ 15.0, 0.0, 1.0 ], 
            "to": [ 16.0, 3.0, 15.0 ], 
            "faces": {
                "north": { "texture": "#0", "uv": [ 0.0, 0.0, 1.0, 3.0 ] },
                "east": { "texture": "#0", "uv": [ 0.0, 0.0, 14.0, 3.0 ] },
                "south": { "texture": "#0", "uv": [ 0.0, 0.0, 1.0, 3.0 ] },
                "west": { "texture": "#0", "uv": [ 0.0, 0.0, 14.0, 3.0 ] },
                "up": { "texture": "#0", "uv": [ 0.0, 0.0, 1.0, 14.0 ] },
                "down": { "texture": "#0", "uv": [ 0.0, 0.0, 1.0, 14.0 ] }
            }
        },
        {
            "name": "Cube",
            "from": [ 13.0, 1.0, 1.0 ], 
            "to": [ 15.0, 3.0, 15.0 ], 
            "faces": {
                "north": { "texture": "#1", "uv": [ 6.0, 6.0, 8.0, 8.0 ] },
                "east": { "texture": "#1", "uv": [ 1.0, 7.0, 15.0, 9.0 ] },
                "south": { "texture": "#1", "uv": [ 6.0, 6.0, 8.0, 8.0 ] },
                "west": { "texture": "#1", "uv": [ 0.0, 0.0, 14.0, 2.0 ] },
                "up": { "texture": "#1", "uv": [ 0.0, 0.0, 2.0, 14.0 ] },
                "down": { "texture": "#1", "uv": [ 0.0, 0.0, 2.0, 14.0 ] }
            }
        },
        {
            "name": "Cube",
            "from": [ 12.0, 0.0, 1.0 ], 
            "to": [ 15.0, 1.0, 15.0 ], 
            "faces": {
                "north": { "texture": "#0", "uv": [ 6.0, 6.0, 9.0, 7.0 ] },
                "east": { "texture": "#0", "uv": [ 1.0, 7.0, 15.0, 8.0 ] },
                "south": { "texture": "#0", "uv": [ 6.0, 6.0, 9.0, 7.0 ] },
                "west": { "texture": "#0", "uv": [ 0.0, 0.0, 14.0, 1.0 ] },
                "up": { "texture": "#0", "uv": [ 0.0, 0.0, 3.0, 14.0 ] },
                "down": { "texture": "#0", "uv": [ 0.0, 0.0, 3.0, 14.0 ] }
            }
        },
        {
            "name": "Cube",
            "from": [ 9.0, 4.0, 1.0 ], 
            "to": [ 10.0, 7.0, 15.0 ], 
            "faces": {
                "north": { "texture": "#0", "uv": [ 0.0, 0.0, 1.0, 3.0 ] },
                "east": { "texture": "#0", "uv": [ 0.0, 0.0, 14.0, 3.0 ] },
                "south": { "texture": "#0", "uv": [ 0.0, 0.0, 1.0, 3.0 ] },
                "west": { "texture": "#0", "uv": [ 0.0, 0.0, 14.0, 3.0 ] },
                "up": { "texture": "#0", "uv": [ 0.0, 0.0, 1.0, 14.0 ] },
                "down": { "texture": "#0", "uv": [ 0.0, 0.0, 1.0, 14.0 ] }
            }
        },
        {
            "name": "Cube",
            "from": [ 10.0, 4.0, 1.0 ], 
            "to": [ 13.0, 5.0, 15.0 ], 
            "faces": {
                "north": { "texture": "#0", "uv": [ 0.0, 0.0, 3.0, 1.0 ] },
                "east": { "texture": "#0", "uv": [ 0.0, 0.0, 14.0, 1.0 ] },
                "south": { "texture": "#0", "uv": [ 0.0, 0.0, 3.0, 1.0 ] },
                "west": { "texture": "#0", "uv": [ 0.0, 0.0, 14.0, 1.0 ] },
                "up": { "texture": "#0", "uv": [ 0.0, 0.0, 3.0, 14.0 ] },
                "down": { "texture": "#0", "uv": [ 0.0, 0.0, 3.0, 14.0 ] }
            }
        },
        {
            "name": "Cube",
            "from": [ 12.0, 5.0, 1.0 ], 
            "to": [ 13.0, 8.0, 15.0 ], 
            "faces": {
                "north": { "texture": "#0", "uv": [ 0.0, 0.0, 1.0, 3.0 ] },
                "east": { "texture": "#0", "uv": [ 0.0, 0.0, 14.0, 3.0 ] },
                "south": { "texture": "#0", "uv": [ 0.0, 0.0, 1.0, 3.0 ] },
                "west": { "texture": "#0", "uv": [ 0.0, 0.0, 14.0, 3.0 ] },
                "up": { "texture": "#0", "uv": [ 0.0, 0.0, 1.0, 14.0 ] },
                "down": { "texture": "#0", "uv": [ 0.0, 0.0, 1.0, 14.0 ] }
            }
        },
        {
            "name": "Cube",
            "from": [ 10.0, 5.0, 1.0 ], 
            "to": [ 12.0, 7.0, 15.0 ], 
            "faces": {
                "north": { "texture": "#1", "uv": [ 6.0, 6.0, 8.0, 8.0 ] },
                "east": { "texture": "#1", "uv": [ 1.0, 7.0, 15.0, 9.0 ] },
                "south": { "texture": "#1", "uv": [ 6.0, 6.0, 8.0, 8.0 ] },
                "west": { "texture": "#1", "uv": [ 0.0, 0.0, 14.0, 2.0 ] },
                "up": { "texture": "#1", "uv": [ 0.0, 0.0, 2.0, 14.0 ] },
                "down": { "texture": "#1", "uv": [ 0.0, 0.0, 2.0, 14.0 ] }
            }
        },
        {
            "name": "Cube",
            "from": [ 9.0, 7.0, 1.0 ], 
            "to": [ 12.0, 8.0, 15.0 ], 
            "faces": {
                "north": { "texture": "#0", "uv": [ 6.0, 6.0, 9.0, 7.0 ] },
                "east": { "texture": "#0", "uv": [ 1.0, 7.0, 15.0, 8.0 ] },
                "south": { "texture": "#0", "uv": [ 6.0, 6.0, 9.0, 7.0 ] },
                "west": { "texture": "#0", "uv": [ 0.0, 0.0, 14.0, 1.0 ] },
                "up": { "texture": "#0", "uv": [ 0.0, 0.0, 3.0, 14.0 ] },
                "down": { "texture": "#0", "uv": [ 0.0, 0.0, 3.0, 14.0 ] }
            }
        },
        {
            "name": "Cube",
            "from": [ 6.0, 9.0, 1.0 ], 
            "to": [ 7.0, 12.0, 15.0 ], 
            "rotation": { "origin": [ 8.0, 8.0, 8.0 ], "axis": "y", "angle": 45.0 },
            "faces": {
                "north": { "texture": "#0", "uv": [ 0.0, 0.0, 1.0, 3.0 ] },
                "east": { "texture": "#0", "uv": [ 0.0, 0.0, 14.0, 3.0 ] },
                "south": { "texture": "#0", "uv": [ 0.0, 0.0, 1.0, 3.0 ] },
                "west": { "texture": "#0", "uv": [ 0.0, 0.0, 14.0, 3.0 ] },
                "up": { "texture": "#0", "uv": [ 0.0, 0.0, 1.0, 14.0 ] },
                "down": { "texture": "#0", "uv": [ 0.0, 0.0, 1.0, 14.0 ] }
            }
        },
        {
            "name": "Cube",
            "from": [ 7.0, 11.0, 1.0 ], 
            "to": [ 10.0, 12.0, 15.0 ], 
            "rotation": { "origin": [ 8.0, 8.0, 8.0 ], "axis": "y", "angle": 45.0 },
            "faces": {
                "north": { "texture": "#0", "uv": [ 0.0, 0.0, 3.0, 1.0 ] },
                "east": { "texture": "#0", "uv": [ 0.0, 0.0, 14.0, 1.0 ] },
                "south": { "texture": "#0", "uv": [ 0.0, 0.0, 3.0, 1.0 ] },
                "west": { "texture": "#0", "uv": [ 0.0, 0.0, 14.0, 1.0 ] },
                "up": { "texture": "#0", "uv": [ 0.0, 0.0, 3.0, 14.0 ] },
                "down": { "texture": "#0", "uv": [ 0.0, 0.0, 3.0, 14.0 ] }
            }
        },
        {
            "name": "Cube",
            "from": [ 9.0, 8.0, 1.0 ], 
            "to": [ 10.0, 11.0, 15.0 ], 
            "rotation": { "origin": [ 8.0, 8.0, 8.0 ], "axis": "y", "angle": 45.0 },
            "faces": {
                "north": { "texture": "#0", "uv": [ 0.0, 0.0, 1.0, 3.0 ] },
                "east": { "texture": "#0", "uv": [ 0.0, 0.0, 14.0, 3.0 ] },
                "south": { "texture": "#0", "uv": [ 0.0, 0.0, 1.0, 3.0 ] },
                "west": { "texture": "#0", "uv": [ 0.0, 0.0, 14.0, 3.0 ] },
                "up": { "texture": "#0", "uv": [ 0.0, 0.0, 1.0, 14.0 ] },
                "down": { "texture": "#0", "uv": [ 0.0, 0.0, 1.0, 14.0 ] }
            }
        },
        {
            "name": "Cube",
            "from": [ 7.0, 9.0, 1.0 ], 
            "to": [ 9.0, 11.0, 15.0 ], 
            "rotation": { "origin": [ 8.0, 8.0, 8.0 ], "axis": "y", "angle": 45.0 },
            "faces": {
                "north": { "texture": "#1", "uv": [ 6.0, 6.0, 8.0, 8.0 ] },
                "east": { "texture": "#1", "uv": [ 1.0, 7.0, 15.0, 9.0 ] },
                "south": { "texture": "#1", "uv": [ 6.0, 6.0, 8.0, 8.0 ] },
                "west": { "texture": "#1", "uv": [ 0.0, 0.0, 14.0, 2.0 ] },
                "up": { "texture": "#1", "uv": [ 0.0, 0.0, 2.0, 14.0 ] },
                "down": { "texture": "#1", "uv": [ 0.0, 0.0, 2.0, 14.0 ] }
            }
        },
        {
            "name": "Cube",
            "from": [ 6.0, 8.0, 1.0 ], 
            "to": [ 9.0, 9.0, 15.0 ], 
            "rotation": { "origin": [ 8.0, 8.0, 8.0 ], "axis": "y", "angle": 45.0 },
            "faces": {
                "north": { "texture": "#0", "uv": [ 6.0, 6.0, 9.0, 7.0 ] },
                "east": { "texture": "#0", "uv": [ 1.0, 7.0, 15.0, 8.0 ] },
                "south": { "texture": "#0", "uv": [ 6.0, 6.0, 9.0, 7.0 ] },
                "west": { "texture": "#0", "uv": [ 0.0, 0.0, 14.0, 1.0 ] },
                "up": { "texture": "#0", "uv": [ 0.0, 0.0, 3.0, 14.0 ] },
                "down": { "texture": "#0", "uv": [ 0.0, 0.0, 3.0, 14.0 ] }
            }
        }
    ]
}