{
	"credit": "Made by McTsts with Blockbench",
	"textures": {
		"1": "crow2/beak",
		"2": "crow2/black",
		"3": "crow2/eye",
		"4": "crow2/wing"
	},
	"elements": [
		{
			"from": [6.5, 0, 8],
			"to": [7.5, 0, 9],
			"faces": {
				"up": {"uv": [8, 0, 9, 1], "texture": "#1"},
				"down": {"uv": [8, 0, 9, 1], "texture": "#1"}
			}
		},
		{
			"from": [8.5, 0, 8],
			"to": [9.5, 0, 9],
			"faces": {
				"up": {"uv": [8, 0, 9, 1], "texture": "#1"},
				"down": {"uv": [8, 0, 9, 1], "texture": "#1"}
			}
		},
		{
			"from": [8.5, 0, 9],
			"to": [9.5, 2.5, 9],
			"faces": {
				"north": {"uv": [8, 0, 9, 2.5], "texture": "#1"},
				"south": {"uv": [8, 0, 9, 2.5], "texture": "#1"}
			}
		},
		{
			"from": [6.5, 0, 9],
			"to": [7.5, 2.5, 9],
			"faces": {
				"north": {"uv": [8, 0, 9, 2.5], "texture": "#1"},
				"south": {"uv": [8, 0, 9, 2.5], "texture": "#1"}
			}
		},
		{
			"from": [6.75, 1.5, 7],
			"to": [9.25, 3.75, 9.25],
			"rotation": {"angle": 22.5, "axis": "x", "origin": [8, 8, 8]},
			"faces": {
				"north": {"uv": [2, 5, 6.25, 9.25], "rotation": 90, "texture": "#2"},
				"east": {"uv": [2, 5, 6.25, 9.25], "texture": "#2"},
				"south": {"uv": [2, 5, 6.25, 9.25], "rotation": 270, "texture": "#2"},
				"west": {"uv": [2, 5, 6.25, 9.25], "rotation": 180, "texture": "#2"},
				"up": {"uv": [2, 5, 6.25, 9.25], "rotation": 270, "texture": "#2"},
				"down": {"uv": [2, 5, 6.25, 9.25], "rotation": 90, "texture": "#2"}
			}
		},
		{
			"from": [9.25, 2, 7.5],
			"to": [9.26, 2.75, 8.25],
			"rotation": {"angle": 22.5, "axis": "x", "origin": [8, 8, 8]},
			"faces": {
				"north": {"uv": [2, 5, 6.25, 9.25], "rotation": 90, "texture": "#2"},
				"east": {"uv": [0, 0, 15.25, 15.25], "texture": "#3"},
				"south": {"uv": [2, 5, 6.25, 9.25], "rotation": 270, "texture": "#2"},
				"west": {"uv": [2, 5, 6.25, 9.25], "rotation": 180, "texture": "#2"},
				"up": {"uv": [2, 5, 6.25, 9.25], "rotation": 270, "texture": "#2"},
				"down": {"uv": [2, 5, 6.25, 9.25], "rotation": 90, "texture": "#2"}
			}
		},
		{
			"from": [6.74, 2, 7.5],
			"to": [6.75, 2.75, 8.25],
			"rotation": {"angle": 22.5, "axis": "x", "origin": [8, 8, 8]},
			"faces": {
				"north": {"uv": [2, 9.25, 6.25, 5], "rotation": 90, "texture": "#2"},
				"east": {"uv": [2, 9.25, 6.25, 5], "texture": "#2"},
				"south": {"uv": [2, 9.25, 6.25, 5], "rotation": 270, "texture": "#2"},
				"west": {"uv": [0, 15.25, 15.25, 0], "rotation": 180, "texture": "#3"},
				"up": {"uv": [2, 9.25, 6.25, 5], "rotation": 270, "texture": "#2"},
				"down": {"uv": [2, 9.25, 6.25, 5], "rotation": 90, "texture": "#2"}
			}
		},
		{
			"from": [7.5, 0.75, 8.75],
			"to": [8.5, 1.5, 9],
			"rotation": {"angle": 22.5, "axis": "x", "origin": [8, 8, 8]},
			"faces": {
				"north": {"uv": [0, 0, 1, 0.75], "rotation": 180, "texture": "#1"},
				"east": {"uv": [0, 0, 0.25, 0.75], "rotation": 180, "texture": "#1"},
				"south": {"uv": [0, 0, 1, 0.75], "rotation": 180, "texture": "#1"},
				"west": {"uv": [0, 0, 0.25, 0.75], "rotation": 180, "texture": "#1"},
				"up": {"uv": [0, 0, 1, 0.25], "texture": "#1"},
				"down": {"uv": [0, 0, 1, 0.25], "texture": "#1"}
			}
		},
		{
			"from": [7.25, 0.25, 8],
			"to": [8.75, 1.5, 8.75],
			"rotation": {"angle": 22.5, "axis": "x", "origin": [8, 8, 8]},
			"faces": {
				"north": {"uv": [0, 0, 1.5, 1.25], "rotation": 180, "texture": "#1"},
				"east": {"uv": [0, 0, 0.75, 1.25], "rotation": 180, "texture": "#1"},
				"south": {"uv": [0, 0, 1.5, 1.25], "rotation": 180, "texture": "#1"},
				"west": {"uv": [0, 0, 0.75, 1.25], "rotation": 180, "texture": "#1"},
				"up": {"uv": [0, 0, 1.5, 0.75], "texture": "#1"},
				"down": {"uv": [0, 0, 1.5, 0.75], "texture": "#1"}
			}
		},
		{
			"from": [6.5, 2.25, 6.75],
			"to": [9.5, 4.75, 11.5],
			"faces": {
				"north": {"uv": [0, 0, 3, 2.5], "rotation": 180, "texture": "#2"},
				"east": {"uv": [0, 0, 2.5, 4.75], "rotation": 90, "texture": "#2"},
				"south": {"uv": [0, 0, 3, 2.5], "texture": "#2"},
				"west": {"uv": [0, 0, 2.5, 4.75], "rotation": 270, "texture": "#2"},
				"up": {"uv": [0, 0, 3, 4.75], "texture": "#2"},
				"down": {"uv": [0, 0, 3, 4.75], "rotation": 180, "texture": "#2"}
			}
		},
		{
			"from": [6.75, 1.25, 10.75],
			"to": [9.25, 2.25, 13.25],
			"rotation": {"angle": -22.5, "axis": "x", "origin": [8.5, 3.5, 6.25]},
			"faces": {
				"north": {"uv": [0, 0, 2.5, 1], "rotation": 180, "texture": "#2"},
				"east": {"uv": [0, 0, 1, 2.5], "rotation": 90, "texture": "#2"},
				"south": {"uv": [0, 0, 2.5, 1], "texture": "#2"},
				"west": {"uv": [0, 0, 1, 2.5], "rotation": 270, "texture": "#2"},
				"up": {"uv": [0, 0, 2.5, 2.5], "texture": "#2"},
				"down": {"uv": [0, 0, 2.5, 2.5], "rotation": 180, "texture": "#2"}
			}
		},
		{
			"from": [6, 2, 7],
			"to": [6.5, 4.25, 10.5],
			"rotation": {"angle": -22.5, "axis": "x", "origin": [8.5, 3.5, 6.25]},
			"faces": {
				"north": {"uv": [0, 0, 0.5, 2.25], "rotation": 180, "texture": "#4"},
				"east": {"uv": [0, 0, 2.25, 3.5], "rotation": 90, "texture": "#4"},
				"south": {"uv": [0, 0, 0.5, 2.25], "texture": "#4"},
				"west": {"uv": [0, 0, 2.25, 3.5], "rotation": 270, "texture": "#4"},
				"up": {"uv": [0, 0, 0.5, 3.5], "texture": "#4"},
				"down": {"uv": [0, 0, 0.5, 3.5], "rotation": 180, "texture": "#4"}
			}
		},
		{
			"from": [9.5, 2, 6.75],
			"to": [10, 4.25, 10.25],
			"rotation": {"angle": -22.5, "axis": "x", "origin": [8.5, 3.5, 6.25]},
			"faces": {
				"north": {"uv": [0, 0, 0.5, 2.25], "rotation": 180, "texture": "#4"},
				"east": {"uv": [0, 0, 2.25, 3.5], "rotation": 90, "texture": "#4"},
				"south": {"uv": [0, 0, 0.5, 2.25], "texture": "#4"},
				"west": {"uv": [0, 0, 2.25, 3.5], "rotation": 270, "texture": "#4"},
				"up": {"uv": [0, 0, 0.5, 3.5], "texture": "#4"},
				"down": {"uv": [0, 0, 0.5, 3.5], "rotation": 180, "texture": "#4"}
			}
		}
	],
	"display": {
		"head": {
			"translation": [0, -28.5, 0],
			"scale": [1.8, 1.8, 1.8]
		}
	},
	"groups": [
		{
			"name": "crowidle",
			"origin": [8, 8, 8],
			"children": [
				{
					"name": "crow",
					"origin": [8, 8, 8],
					"children": [
						{
							"name": "feet",
							"origin": [8, 8, 8],
							"children": [0, 1, 2, 3]
						},
						{
							"name": "head",
							"origin": [8, 8, 8],
							"children": [4, 5, 6, 7, 8]
						},
						{
							"name": "body",
							"origin": [8, 8, 8],
							"children": [9, 10,
								{
									"name": "wings",
									"origin": [8, 8, 8],
									"children": [11, 12]
								}
							]
						}
					]
				}
			]
		}
	]
}