{
	"credit": "Made by McTsts with Blockbench",
	"textures": {
		"particle": "empty",
		"2": "block/orange_glazed_terracotta"
	},
	"elements": [
		{
			"name": "a",
			"from": [7.09223, -1, 6.77734],
			"to": [9.09223, 1, 10.97734],
			"rotation": {"angle": -45, "axis": "y", "origin": [7.87116, 0.025, 7.78642]},
			"faces": {
				"north": {"uv": [0, 0, 2, 2], "texture": "#2"},
				"east": {"uv": [0, 0, 4.2, 2], "texture": "#2"},
				"south": {"uv": [0, 0, 2, 2], "texture": "#2"},
				"west": {"uv": [0, 0, 4.2, 2], "texture": "#2"},
				"up": {"uv": [0, 0, 2, 4.2], "texture": "#2"},
				"down": {"uv": [0, 0, 2, 4.2], "texture": "#2"}
			}
		},
		{
			"name": "b",
			"from": [4.63389, -1.05, 6.52211],
			"to": [8.83389, 0.95, 8.52211],
			"rotation": {"angle": 0, "axis": "y", "origin": [7.87116, 0.025, 7.78642]},
			"faces": {
				"north": {"uv": [0, 0, 4.2, 2], "texture": "#2"},
				"east": {"uv": [0, 0, 2, 2], "texture": "#2"},
				"south": {"uv": [0, 0, 4.2, 2], "texture": "#2"},
				"west": {"uv": [0, 0, 2, 2], "texture": "#2"},
				"up": {"uv": [0, 0, 2, 4.2], "rotation": 90, "texture": "#2"},
				"down": {"uv": [0, 0, 2, 4.2], "rotation": 270, "texture": "#2"}
			}
		},
		{
			"name": "c",
			"from": [6.95758, -0.9, 4.86526],
			"to": [8.95758, 1.1, 10.86526],
			"rotation": {"angle": 22.5, "axis": "y", "origin": [7.87116, 0.025, 7.78642]},
			"faces": {
				"north": {"uv": [0, 0, 2, 2], "texture": "#2"},
				"east": {"uv": [0, 0, 6, 2], "texture": "#2"},
				"south": {"uv": [0, 0, 2, 2], "texture": "#2"},
				"west": {"uv": [0, 0, 6, 2], "texture": "#2"},
				"up": {"uv": [0, 0, 6, 2], "rotation": 90, "texture": "#2"},
				"down": {"uv": [0, 0, 6, 2], "rotation": 270, "texture": "#2"}
			}
		},
		{
			"name": "d",
			"from": [8.65758, -0.95, 6.76526],
			"to": [10.65758, 1.05, 8.76526],
			"rotation": {"angle": 22.5, "axis": "y", "origin": [7.87116, 0.025, 7.78642]},
			"faces": {
				"north": {"uv": [0, 0, 2, 2], "texture": "#2"},
				"east": {"uv": [0, 0, 2, 2], "texture": "#2"},
				"south": {"uv": [0, 0, 2, 2], "texture": "#2"},
				"west": {"uv": [0, 0, 2, 2], "texture": "#2"},
				"up": {"uv": [0, 0, 2, 2], "rotation": 90, "texture": "#2"},
				"down": {"uv": [0, 0, 2, 2], "rotation": 270, "texture": "#2"}
			}
		}
	],
	"groups": [
		{
			"name": "star",
			"origin": [8, 8, 8],
			"children": [0, 1, 2, 3]
		},
		{
			"name": "small",
			"origin": [4.09954, 0.43122, 9.5],
			"children": []
		}
	]
}