{
	"credit": "Made by McTsts with Blockbench",
	"textures": {
		"particle": "empty",
		"1": "block/granite",
		"3": "block/anvil",
		"particle": "block/granite"
	},
	"elements": [
		{
			"name": "Clam1",
			"from": [9, 2.85684, 8.5918],
			"to": [12.5, 3.35684, 10.5918],
			"rotation": {"angle": -22.5, "axis": "x", "origin": [8, 7.85684, 15.0918]},
			"faces": {
				"north": {"uv": [0, 0, 3.5, 0.5], "texture": "#3"},
				"east": {"uv": [0, 0, 2, 0.5], "texture": "#3"},
				"south": {"uv": [0, 0, 3.5, 0.5], "texture": "#3"},
				"west": {"uv": [0, 0, 2, 0.5], "texture": "#3"},
				"up": {"uv": [0, 0, 3.5, 2], "texture": "#3"},
				"down": {"uv": [0, 0, 3.5, 2], "texture": "#3"}
			}
		},
		{
			"name": "Clam2",
			"from": [9, 0, 11],
			"to": [12.5, 0.75, 13],
			"rotation": {"angle": 0, "axis": "y", "origin": [8, 8, 15]},
			"faces": {
				"north": {"uv": [0, 0, 3.5, 0.75], "texture": "#3"},
				"east": {"uv": [0, 0, 2, 0.75], "texture": "#3"},
				"south": {"uv": [0, 0, 3.5, 0.75], "texture": "#3"},
				"west": {"uv": [0, 0, 2, 0.75], "texture": "#3"},
				"up": {"uv": [0, 0, 3.5, 2], "texture": "#3"},
				"down": {"uv": [0, 0, 3.5, 2], "texture": "#3"}
			}
		},
		{
			"name": "8",
			"from": [3.3125, -1.97356, 5.67457],
			"to": [4.15625, 1.02644, 8.67457],
			"rotation": {"angle": 22.5, "axis": "z", "origin": [5, 1.52644, 11.17457]},
			"faces": {
				"north": {"uv": [9, 0, 12, 0.84375], "rotation": 270, "texture": "#1"},
				"east": {"uv": [0, 0, 3, 3], "rotation": 90, "texture": "#1"},
				"south": {"uv": [3, 0, 6, 0.84375], "rotation": 90, "texture": "#1"},
				"west": {"uv": [0, 0, 3, 3], "rotation": 90, "texture": "#1"},
				"up": {"uv": [0, 0, 3, 0.84375], "rotation": 90, "texture": "#1"},
				"down": {"uv": [6, 0, 9, 0.84375], "rotation": 90, "texture": "#1"}
			}
		},
		{
			"name": "9",
			"from": [4.15625, -1.78606, 5.86207],
			"to": [5, 0.83894, 8.48707],
			"rotation": {"angle": 22.5, "axis": "z", "origin": [5, 1.52644, 11.17457]},
			"faces": {
				"north": {"uv": [10.2, 0, 12.825, 0.84375], "rotation": 270, "texture": "#1"},
				"east": {"uv": [1, 0, 3.625, 2.625], "rotation": 90, "texture": "#1"},
				"south": {"uv": [4.2, 0, 6.825, 0.84375], "rotation": 90, "texture": "#1"},
				"west": {"uv": [1, 0, 3.625, 2.625], "rotation": 90, "texture": "#1"},
				"up": {"uv": [1.2, 0, 3.825, 0.84375], "rotation": 90, "texture": "#1"},
				"down": {"uv": [7.2, 0, 9.825, 0.84375], "rotation": 90, "texture": "#1"}
			}
		},
		{
			"name": "10",
			"from": [5, -1.59856, 6.04957],
			"to": [5.84375, 0.65144, 8.29957],
			"rotation": {"angle": 22.5, "axis": "z", "origin": [5, 1.52644, 11.17457]},
			"faces": {
				"north": {"uv": [11.35, 0, 13.6, 0.84375], "rotation": 270, "texture": "#1"},
				"east": {"uv": [2, 0, 4.25, 2.25], "rotation": 90, "texture": "#1"},
				"south": {"uv": [5.35, 0, 7.6, 0.84375], "rotation": 90, "texture": "#1"},
				"west": {"uv": [2, 0, 4.25, 2.25], "rotation": 90, "texture": "#1"},
				"up": {"uv": [2.35, 0, 4.6, 0.84375], "rotation": 90, "texture": "#1"},
				"down": {"uv": [8.35, 0, 10.6, 0.84375], "rotation": 90, "texture": "#1"}
			}
		},
		{
			"name": "11",
			"from": [5.84375, -1.41106, 6.23707],
			"to": [6.6875, 0.46394, 8.11207],
			"rotation": {"angle": 22.5, "axis": "z", "origin": [5, 1.52644, 11.17457]},
			"faces": {
				"north": {"uv": [12.55, 0, 14.425, 0.84375], "rotation": 270, "texture": "#1"},
				"east": {"uv": [3, 0, 4.875, 1.875], "rotation": 90, "texture": "#1"},
				"south": {"uv": [6.55, 0, 8.425, 0.84375], "rotation": 90, "texture": "#1"},
				"west": {"uv": [3, 0, 4.875, 1.875], "rotation": 90, "texture": "#1"},
				"up": {"uv": [3.55, 0, 5.425, 0.84375], "rotation": 90, "texture": "#1"},
				"down": {"uv": [9.55, 0, 11.425, 0.84375], "rotation": 90, "texture": "#1"}
			}
		},
		{
			"name": "12",
			"from": [6.6875, -1.16106, 6.48707],
			"to": [7.53125, 0.21394, 7.86207],
			"rotation": {"angle": 22.5, "axis": "z", "origin": [5, 1.52644, 11.17457]},
			"faces": {
				"north": {"uv": [13, 0, 14.375, 0.84375], "rotation": 270, "texture": "#1"},
				"east": {"uv": [4, 0, 5.375, 1.375], "rotation": 90, "texture": "#1"},
				"south": {"uv": [7, 0, 8.375, 0.84375], "rotation": 90, "texture": "#1"},
				"west": {"uv": [4, 0, 5.375, 1.375], "rotation": 90, "texture": "#1"},
				"up": {"uv": [4.8, 0, 6.175, 0.84375], "rotation": 90, "texture": "#1"},
				"down": {"uv": [10, 0, 11.375, 0.84375], "rotation": 90, "texture": "#1"}
			}
		},
		{
			"name": "13",
			"from": [7.53125, -0.91106, 6.73707],
			"to": [8.375, -0.03606, 7.61207],
			"rotation": {"angle": 22.5, "axis": "z", "origin": [5, 1.52644, 11.17457]},
			"faces": {
				"north": {"uv": [14, 0, 14.875, 0.84375], "rotation": 270, "texture": "#1"},
				"east": {"uv": [5, 0, 5.875, 0.875], "rotation": 90, "texture": "#1"},
				"south": {"uv": [8, 0, 8.875, 0.84375], "rotation": 90, "texture": "#1"},
				"west": {"uv": [5, 0, 5.875, 0.875], "rotation": 90, "texture": "#1"},
				"up": {"uv": [5, 0, 5.875, 0.84375], "rotation": 90, "texture": "#1"},
				"down": {"uv": [11, 0, 11.875, 0.84375], "rotation": 90, "texture": "#1"}
			}
		}
	],
	"groups": [
		{
			"name": "openthing",
			"origin": [8, 8, 8],
			"children": [0, 1]
		},
		{
			"name": "spiral",
			"origin": [8, 8, 8],
			"children": [2, 3, 4, 5, 6, 7]
		}
	]
}