{
	"credit": "Made by McTsts with Blockbench",
	"textures": {
		"particle": "empty",
		"1": "block/granite",
		"10": "block/diorite",
		"particle": "block/granite"
	},
	"elements": [
		{
			"name": "6",
			"from": [11.3128, 0, 5.18021],
			"to": [12.5628, 1, 5.68021],
			"rotation": {"angle": 0, "axis": "y", "origin": [12.1878, 0.5, 5.68021]},
			"faces": {
				"north": {"uv": [0, 0, 1.25, 1], "texture": "#10"},
				"east": {"uv": [0, 0, 0.5, 1], "texture": "#10"},
				"south": {"uv": [0, 0, 1.25, 1], "texture": "#10"},
				"west": {"uv": [0, 0, 0.5, 1], "texture": "#10"},
				"up": {"uv": [0, 0, 0.5, 1.25], "rotation": 90, "texture": "#10"},
				"down": {"uv": [0, 0, 0.5, 1.25], "rotation": 270, "texture": "#10"}
			}
		},
		{
			"name": "7",
			"from": [10.9, 0.025, 5],
			"to": [12.9, 1.025, 6.5],
			"rotation": {"angle": 22.5, "axis": "y", "origin": [11, 8.025, 6]},
			"faces": {
				"north": {"uv": [0, 0, 2, 1], "texture": "#10"},
				"east": {"uv": [0, 0, 1.5, 1], "texture": "#10"},
				"south": {"uv": [0, 0, 2, 1], "texture": "#10"},
				"west": {"uv": [0, 0, 1.5, 1], "texture": "#10"},
				"up": {"uv": [0, 0, 1.5, 2], "rotation": 90, "texture": "#10"},
				"down": {"uv": [0, 0, 1.5, 2], "rotation": 270, "texture": "#10"}
			}
		},
		{
			"name": "5",
			"from": [9.35, 0, 5.75],
			"to": [10.6, 1, 6.25],
			"rotation": {"angle": -45, "axis": "y", "origin": [11, 8, 6]},
			"faces": {
				"north": {"uv": [0, 0, 1.25, 1], "texture": "#10"},
				"east": {"uv": [0, 0, 0.5, 1], "texture": "#10"},
				"south": {"uv": [0, 0, 1.25, 1], "texture": "#10"},
				"west": {"uv": [0, 0, 0.5, 1], "texture": "#10"},
				"up": {"uv": [0, 0, 0.5, 1.25], "rotation": 270, "texture": "#10"},
				"down": {"uv": [0, 0, 0.5, 1.25], "rotation": 90, "texture": "#10"}
			}
		},
		{
			"name": "4",
			"from": [10.5, 0.05, 4.1],
			"to": [12, 1.05, 6.1],
			"rotation": {"angle": 22.5, "axis": "y", "origin": [11, 8.025, 6]},
			"faces": {
				"north": {"uv": [0, 0, 1.5, 1], "texture": "#10"},
				"east": {"uv": [0, 0, 2, 1], "texture": "#10"},
				"south": {"uv": [0, 0, 1.5, 1], "texture": "#10"},
				"west": {"uv": [0, 0, 2, 1], "texture": "#10"},
				"up": {"uv": [0, 0, 1.5, 2], "texture": "#10"},
				"down": {"uv": [0, 0, 1.5, 2], "texture": "#10"}
			}
		},
		{
			"name": "3",
			"from": [10.25, 0, 4.075],
			"to": [12, 1, 5.075],
			"rotation": {"angle": 0, "axis": "y", "origin": [11, 8, 5.975]},
			"faces": {
				"north": {"uv": [0, 0, 1.75, 1], "texture": "#10"},
				"east": {"uv": [0, 0, 1, 1], "texture": "#10"},
				"south": {"uv": [0, 0, 1.75, 1], "texture": "#10"},
				"west": {"uv": [0, 0, 1, 1], "texture": "#10"},
				"up": {"uv": [0, 0, 1.75, 1], "texture": "#10"},
				"down": {"uv": [0, 0, 1.75, 1], "texture": "#10"}
			}
		},
		{
			"name": "2",
			"from": [10, -0.025, 4.075],
			"to": [11.75, 0.975, 5.075],
			"rotation": {"angle": -45, "axis": "y", "origin": [11, 8, 5.975]},
			"faces": {
				"north": {"uv": [0, 0, 1.75, 1], "texture": "#10"},
				"east": {"uv": [0, 0, 1, 1], "texture": "#10"},
				"south": {"uv": [0, 0, 1.75, 1], "texture": "#10"},
				"west": {"uv": [0, 0, 1, 1], "texture": "#10"},
				"up": {"uv": [0, 0, 1.75, 1], "texture": "#10"},
				"down": {"uv": [0, 0, 1.75, 1], "texture": "#10"}
			}
		},
		{
			"name": "1",
			"from": [10, -0.05, 4.1],
			"to": [12, 0.95, 6.6],
			"rotation": {"angle": -22.5, "axis": "y", "origin": [11, 8, 5.975]},
			"faces": {
				"north": {"uv": [0, 0, 2, 1], "texture": "#10"},
				"east": {"uv": [0, 0, 2.5, 1], "texture": "#10"},
				"south": {"uv": [0, 0, 2, 1], "texture": "#10"},
				"west": {"uv": [0, 0, 2.5, 1], "texture": "#10"},
				"up": {"uv": [0, 0, 2, 2.5], "texture": "#10"},
				"down": {"uv": [0, 0, 2, 2.5], "texture": "#10"}
			}
		},
		{
			"name": "8",
			"from": [3.5, -0.16106, 10.67457],
			"to": [6.5, 0.68269, 13.67457],
			"rotation": {"angle": 0, "axis": "x", "origin": [5, 1.52644, 12.17457]},
			"faces": {
				"north": {"uv": [9, 0, 12, 0.84375], "texture": "#1"},
				"east": {"uv": [6, 0, 9, 0.84375], "texture": "#1"},
				"south": {"uv": [3, 0, 6, 0.84375], "texture": "#1"},
				"west": {"uv": [0, 0, 3, 0.84375], "texture": "#1"},
				"up": {"uv": [0, 0, 3, 3], "texture": "#1"},
				"down": {"uv": [0, 0, 3, 3], "texture": "#1"}
			}
		},
		{
			"name": "9",
			"from": [3.6875, 0.68269, 10.86207],
			"to": [6.3125, 1.52644, 13.48707],
			"rotation": {"angle": 0, "axis": "x", "origin": [5, 1.52644, 12.17457]},
			"faces": {
				"north": {"uv": [10.2, 0, 12.825, 0.84375], "texture": "#1"},
				"east": {"uv": [7.2, 0, 9.825, 0.84375], "texture": "#1"},
				"south": {"uv": [4.2, 0, 6.825, 0.84375], "texture": "#1"},
				"west": {"uv": [1.2, 0, 3.825, 0.84375], "texture": "#1"},
				"up": {"uv": [1, 0, 3.625, 2.625], "texture": "#1"},
				"down": {"uv": [1, 0, 3.625, 2.625], "texture": "#1"}
			}
		},
		{
			"name": "10",
			"from": [3.875, 1.52644, 11.04957],
			"to": [6.125, 2.37019, 13.29957],
			"rotation": {"angle": 0, "axis": "x", "origin": [5, 1.52644, 12.17457]},
			"faces": {
				"north": {"uv": [11.35, 0, 13.6, 0.84375], "texture": "#1"},
				"east": {"uv": [8.35, 0, 10.6, 0.84375], "texture": "#1"},
				"south": {"uv": [5.35, 0, 7.6, 0.84375], "texture": "#1"},
				"west": {"uv": [2.35, 0, 4.6, 0.84375], "texture": "#1"},
				"up": {"uv": [2, 0, 4.25, 2.25], "texture": "#1"},
				"down": {"uv": [2, 0, 4.25, 2.25], "texture": "#1"}
			}
		},
		{
			"name": "11",
			"from": [4.0625, 2.37019, 11.23707],
			"to": [5.9375, 3.21394, 13.11207],
			"rotation": {"angle": 0, "axis": "x", "origin": [5, 1.52644, 12.17457]},
			"faces": {
				"north": {"uv": [12.55, 0, 14.425, 0.84375], "texture": "#1"},
				"east": {"uv": [9.55, 0, 11.425, 0.84375], "texture": "#1"},
				"south": {"uv": [6.55, 0, 8.425, 0.84375], "texture": "#1"},
				"west": {"uv": [3.55, 0, 5.425, 0.84375], "texture": "#1"},
				"up": {"uv": [3, 0, 4.875, 1.875], "texture": "#1"},
				"down": {"uv": [3, 0, 4.875, 1.875], "texture": "#1"}
			}
		},
		{
			"name": "12",
			"from": [4.3125, 3.21394, 11.48707],
			"to": [5.6875, 4.05769, 12.86207],
			"rotation": {"angle": 0, "axis": "x", "origin": [5, 1.54519, 12.17457]},
			"faces": {
				"north": {"uv": [13, 0, 14.375, 0.84375], "texture": "#1"},
				"east": {"uv": [10, 0, 11.375, 0.84375], "texture": "#1"},
				"south": {"uv": [7, 0, 8.375, 0.84375], "texture": "#1"},
				"west": {"uv": [4.8, 0, 6.175, 0.84375], "texture": "#1"},
				"up": {"uv": [4, 0, 5.375, 1.375], "texture": "#1"},
				"down": {"uv": [4, 0, 5.375, 1.375], "texture": "#1"}
			}
		},
		{
			"name": "13",
			"from": [4.5625, 4.05769, 11.73707],
			"to": [5.4375, 4.90144, 12.61207],
			"rotation": {"angle": 0, "axis": "x", "origin": [5, -0.61106, 12.17457]},
			"faces": {
				"north": {"uv": [14, 0, 14.875, 0.84375], "texture": "#1"},
				"east": {"uv": [11, 0, 11.875, 0.84375], "texture": "#1"},
				"south": {"uv": [8, 0, 8.875, 0.84375], "texture": "#1"},
				"west": {"uv": [5, 0, 5.875, 0.84375], "texture": "#1"},
				"up": {"uv": [5, 0, 5.875, 0.875], "texture": "#1"},
				"down": {"uv": [5, 0, 5.875, 0.875], "texture": "#1"}
			}
		}
	],
	"groups": [
		{
			"name": "spiky",
			"origin": [8, 21, 8],
			"children": [0, 1, 2, 3, 4, 5, 6]
		},
		{
			"name": "spiral",
			"origin": [8, 8, 8],
			"children": [7, 8, 9, 10, 11, 12]
		}
	]
}