{
	"credit": "Made by McTsts with Blockbench",
	"textures": {
		"particle": "empty",
		"2": "block/orange_glazed_terracotta",
		"10": "block/diorite"
	},
	"elements": [
		{
			"name": "6",
			"from": [5.3128, 0, 4.18021],
			"to": [6.5628, 1, 4.68021],
			"rotation": {"angle": 22.5, "axis": "y", "origin": [6.1878, 0.5, 4.68021]},
			"faces": {
				"north": {"uv": [0, 0, 1.25, 1], "texture": "#10"},
				"east": {"uv": [0, 0, 0.5, 1], "texture": "#10"},
				"south": {"uv": [0, 0, 1.25, 1], "texture": "#10"},
				"west": {"uv": [0, 0, 0.5, 1], "texture": "#10"},
				"up": {"uv": [0, 0, 0.5, 1.25], "rotation": 90, "texture": "#10"},
				"down": {"uv": [0, 0, 0.5, 1.25], "rotation": 270, "texture": "#10"}
			}
		},
		{
			"name": "7",
			"from": [4, 0.025, 3.1],
			"to": [5.5, 1.025, 5.1],
			"rotation": {"angle": -45, "axis": "y", "origin": [5, 8.025, 5]},
			"faces": {
				"north": {"uv": [0, 0, 1.5, 1], "texture": "#10"},
				"east": {"uv": [0, 0, 2, 1], "texture": "#10"},
				"south": {"uv": [0, 0, 1.5, 1], "texture": "#10"},
				"west": {"uv": [0, 0, 2, 1], "texture": "#10"},
				"up": {"uv": [0, 0, 1.5, 2], "texture": "#10"},
				"down": {"uv": [0, 0, 1.5, 2], "texture": "#10"}
			}
		},
		{
			"name": "5",
			"from": [3.35, 0, 4.75],
			"to": [4.6, 1, 5.25],
			"rotation": {"angle": -22.5, "axis": "y", "origin": [5, 8, 5]},
			"faces": {
				"north": {"uv": [0, 0, 1.25, 1], "texture": "#10"},
				"east": {"uv": [0, 0, 0.5, 1], "texture": "#10"},
				"south": {"uv": [0, 0, 1.25, 1], "texture": "#10"},
				"west": {"uv": [0, 0, 0.5, 1], "texture": "#10"},
				"up": {"uv": [0, 0, 0.5, 1.25], "rotation": 270, "texture": "#10"},
				"down": {"uv": [0, 0, 0.5, 1.25], "rotation": 90, "texture": "#10"}
			}
		},
		{
			"name": "4",
			"from": [4.5, 0.05, 3.1],
			"to": [6, 1.05, 5.1],
			"rotation": {"angle": 45, "axis": "y", "origin": [5, 8.025, 5]},
			"faces": {
				"north": {"uv": [0, 0, 1.5, 1], "texture": "#10"},
				"east": {"uv": [0, 0, 2, 1], "texture": "#10"},
				"south": {"uv": [0, 0, 1.5, 1], "texture": "#10"},
				"west": {"uv": [0, 0, 2, 1], "texture": "#10"},
				"up": {"uv": [0, 0, 1.5, 2], "texture": "#10"},
				"down": {"uv": [0, 0, 1.5, 2], "texture": "#10"}
			}
		},
		{
			"name": "3",
			"from": [4.25, 0, 3.075],
			"to": [6, 1, 4.075],
			"rotation": {"angle": 22.5, "axis": "y", "origin": [5, 8, 4.975]},
			"faces": {
				"north": {"uv": [0, 0, 1.75, 1], "texture": "#10"},
				"east": {"uv": [0, 0, 1, 1], "texture": "#10"},
				"south": {"uv": [0, 0, 1.75, 1], "texture": "#10"},
				"west": {"uv": [0, 0, 1, 1], "texture": "#10"},
				"up": {"uv": [0, 0, 1.75, 1], "texture": "#10"},
				"down": {"uv": [0, 0, 1.75, 1], "texture": "#10"}
			}
		},
		{
			"name": "2",
			"from": [4, -0.025, 3.075],
			"to": [5.75, 0.975, 4.075],
			"rotation": {"angle": -22.5, "axis": "y", "origin": [5, 8, 4.975]},
			"faces": {
				"north": {"uv": [0, 0, 1.75, 1], "texture": "#10"},
				"east": {"uv": [0, 0, 1, 1], "texture": "#10"},
				"south": {"uv": [0, 0, 1.75, 1], "texture": "#10"},
				"west": {"uv": [0, 0, 1, 1], "texture": "#10"},
				"up": {"uv": [0, 0, 1.75, 1], "texture": "#10"},
				"down": {"uv": [0, 0, 1.75, 1], "texture": "#10"}
			}
		},
		{
			"name": "1",
			"from": [4, -0.05, 3.1],
			"to": [6, 0.95, 5.6],
			"rotation": {"angle": 0, "axis": "y", "origin": [8, 8, 7]},
			"faces": {
				"north": {"uv": [0, 0, 2, 1], "texture": "#10"},
				"east": {"uv": [0, 0, 2.5, 1], "texture": "#10"},
				"south": {"uv": [0, 0, 2, 1], "texture": "#10"},
				"west": {"uv": [0, 0, 2.5, 1], "texture": "#10"},
				"up": {"uv": [0, 0, 2, 2.5], "texture": "#10"},
				"down": {"uv": [0, 0, 2, 2.5], "texture": "#10"}
			}
		},
		{
			"name": "a",
			"from": [10.22417, -1, 8.4588],
			"to": [12.22417, 1, 12.6588],
			"rotation": {"angle": 22.5, "axis": "y", "origin": [9.22417, 15, 9.4588]},
			"faces": {
				"north": {"uv": [0, 0, 2, 2], "texture": "#2"},
				"east": {"uv": [0, 0, 4.2, 2], "texture": "#2"},
				"south": {"uv": [0, 0, 2, 2], "texture": "#2"},
				"west": {"uv": [0, 0, 4.2, 2], "texture": "#2"},
				"up": {"uv": [0, 0, 2, 4.2], "texture": "#2"},
				"down": {"uv": [0, 0, 2, 4.2], "texture": "#2"}
			}
		},
		{
			"name": "b",
			"from": [9, -1.05, 7.2],
			"to": [11, 0.95, 11.4],
			"rotation": {"angle": -22.5, "axis": "y", "origin": [9, 15, 10]},
			"faces": {
				"north": {"uv": [0, 0, 2, 2], "texture": "#2"},
				"east": {"uv": [0, 0, 4.2, 2], "texture": "#2"},
				"south": {"uv": [0, 0, 2, 2], "texture": "#2"},
				"west": {"uv": [0, 0, 4.2, 2], "texture": "#2"},
				"up": {"uv": [0, 0, 2, 4.2], "texture": "#2"},
				"down": {"uv": [0, 0, 2, 4.2], "texture": "#2"}
			}
		},
		{
			"name": "c",
			"from": [7.95, -0.9, 7.7],
			"to": [13.95, 1.1, 9.7],
			"rotation": {"angle": 0, "axis": "y", "origin": [3, 15, 8]},
			"faces": {
				"north": {"uv": [0, 0, 6, 2], "texture": "#2"},
				"east": {"uv": [0, 0, 2, 2], "texture": "#2"},
				"south": {"uv": [0, 0, 6, 2], "texture": "#2"},
				"west": {"uv": [0, 0, 2, 2], "texture": "#2"},
				"up": {"uv": [0, 0, 6, 2], "texture": "#2"},
				"down": {"uv": [0, 0, 6, 2], "texture": "#2"}
			}
		},
		{
			"name": "d",
			"from": [9.85, -0.95, 6],
			"to": [11.85, 1.05, 8],
			"rotation": {"angle": 0, "axis": "y", "origin": [3, 15, 8]},
			"faces": {
				"north": {"uv": [0, 0, 2, 2], "texture": "#2"},
				"east": {"uv": [0, 0, 2, 2], "texture": "#2"},
				"south": {"uv": [0, 0, 2, 2], "texture": "#2"},
				"west": {"uv": [0, 0, 2, 2], "texture": "#2"},
				"up": {"uv": [0, 0, 2, 2], "texture": "#2"},
				"down": {"uv": [0, 0, 2, 2], "texture": "#2"}
			}
		}
	],
	"groups": [
		{
			"name": "spiky",
			"origin": [8, 21, 8],
			"children": [0, 1, 2, 3, 4, 5, 6]
		},
		{
			"name": "star",
			"origin": [8, 8, 8],
			"children": [7, 8, 9, 10]
		}
	]
}