{
    "variants": {
        "face=floor,facing=east,powered=false": { "model": "block/custom/nothing" },
        "face=floor,facing=west,powered=false": { "model": "block/custom/nothing" },
        "face=floor,facing=south,powered=false": { "model": "block/custom/nothing" },
        "face=floor,facing=north,powered=false": { "model": "block/custom/nothing" },
        "face=wall,facing=east,powered=false":  { "model": "block/custom/nothing" },
        "face=wall,facing=west,powered=false":  { "model": "block/custom/nothing" },
        "face=wall,facing=south,powered=false": { "model": "block/custom/nothing" },
        "face=wall,facing=north,powered=false": { "model": "block/custom/nothing" },
        "face=ceiling,facing=east,powered=false":  { "model": "block/custom/nothing" },
        "face=ceiling,facing=west,powered=false":  { "model": "block/custom/nothing" },
        "face=ceiling,facing=south,powered=false": { "model": "block/custom/nothing" },
        "face=ceiling,facing=north,powered=false": { "model": "block/custom/nothing" },
        "face=floor,facing=east,powered=true": [
																					{ "model": "block/custom/shroom/1", "y": 0 },
																					{ "model": "block/custom/shroom/2", "y": 0 },
																					{ "model": "block/custom/shroom/3", "y": 0 },
																					{ "model": "block/custom/shroom/4", "y": 0 },
																					{ "model": "block/custom/shroom/5", "y": 0 },
																					{ "model": "block/custom/shroom/6", "y": 0 },
																					{ "model": "block/custom/shroom/7", "y": 0 },
																					{ "model": "block/custom/shroom/8", "y": 0 },
																					{ "model": "block/custom/shroom/9", "y": 0 },
																					{ "model": "block/custom/shroom/10", "y": 0 },
																					{ "model": "block/custom/shroom/11", "y": 0 },
																					{ "model": "block/custom/shroom/12", "y": 0 },
																					{ "model": "block/custom/shroom/13", "y": 0 },
																					{ "model": "block/custom/shroom/14", "y": 0 },
																					{ "model": "block/custom/shroom/15", "y": 0 }
																					],
        "face=floor,facing=west,powered=true": [
																					{ "model": "block/custom/shroom/1", "y": 90 },
																					{ "model": "block/custom/shroom/2", "y": 90 },
																					{ "model": "block/custom/shroom/3", "y": 90 },
																					{ "model": "block/custom/shroom/4", "y": 90 },
																					{ "model": "block/custom/shroom/5", "y": 90 },
																					{ "model": "block/custom/shroom/6", "y": 90 },
																					{ "model": "block/custom/shroom/7", "y": 90 },
																					{ "model": "block/custom/shroom/8", "y": 90 },
																					{ "model": "block/custom/shroom/9", "y": 90 },
																					{ "model": "block/custom/shroom/10", "y": 90 },
																					{ "model": "block/custom/shroom/11", "y": 90 },
																					{ "model": "block/custom/shroom/12", "y": 90 },
																					{ "model": "block/custom/shroom/13", "y": 90 },
																					{ "model": "block/custom/shroom/14", "y": 90 },
																					{ "model": "block/custom/shroom/15", "y": 90 }
																					],
        "face=floor,facing=south,powered=true": [
																					{ "model": "block/custom/shroom/1", "y": 180 },
																					{ "model": "block/custom/shroom/2", "y": 180 },
																					{ "model": "block/custom/shroom/3", "y": 180 },
																					{ "model": "block/custom/shroom/4", "y": 180 },
																					{ "model": "block/custom/shroom/5", "y": 180 },
																					{ "model": "block/custom/shroom/6", "y": 180 },
																					{ "model": "block/custom/shroom/7", "y": 180 },
																					{ "model": "block/custom/shroom/8", "y": 180 },
																					{ "model": "block/custom/shroom/9", "y": 180 },
																					{ "model": "block/custom/shroom/10", "y": 180 },
																					{ "model": "block/custom/shroom/11", "y": 180 },
																					{ "model": "block/custom/shroom/12", "y": 180 },
																					{ "model": "block/custom/shroom/13", "y": 180 },
																					{ "model": "block/custom/shroom/14", "y": 180 },
																					{ "model": "block/custom/shroom/15", "y": 180 }
																					],
        "face=floor,facing=north,powered=true": [
																					{ "model": "block/custom/shroom/1", "y": 270 },
																					{ "model": "block/custom/shroom/2", "y": 270 },
																					{ "model": "block/custom/shroom/3", "y": 270 },
																					{ "model": "block/custom/shroom/4", "y": 270 },
																					{ "model": "block/custom/shroom/5", "y": 270 },
																					{ "model": "block/custom/shroom/6", "y": 270 },
																					{ "model": "block/custom/shroom/7", "y": 270 },
																					{ "model": "block/custom/shroom/8", "y": 270 },
																					{ "model": "block/custom/shroom/9", "y": 270 },
																					{ "model": "block/custom/shroom/10", "y": 270 },
																					{ "model": "block/custom/shroom/11", "y": 270 },
																					{ "model": "block/custom/shroom/12", "y": 270 },
																					{ "model": "block/custom/shroom/13", "y": 270 },
																					{ "model": "block/custom/shroom/14", "y": 270 },
																					{ "model": "block/custom/shroom/15", "y": 270 }
																					],
        "face=wall,facing=east,powered=true": { "model": "block/custom/nothing" },
        "face=wall,facing=west,powered=true": { "model": "block/custom/nothing" },
        "face=wall,facing=south,powered=true": [
																					{ "model": "block/custom/twig_spruce/1", "y": 0 },
																					{ "model": "block/custom/twig_spruce/2", "y": 0 },
																					{ "model": "block/custom/twig_spruce/3", "y": 0 },
																					{ "model": "block/custom/twig_spruce/4", "y": 0 },
																					{ "model": "block/custom/twig_spruce/5", "y": 0 },
																					{ "model": "block/custom/twig_spruce/6", "y": 0 },
																					{ "model": "block/custom/twig_spruce/7", "y": 0 },
																					{ "model": "block/custom/twig_spruce/8", "y": 0 },
																					{ "model": "block/custom/twig_spruce/9", "y": 0 },
																					{ "model": "block/custom/twig_spruce/10", "y": 0 }
																					],
        "face=wall,facing=north,powered=true": [
																					{ "model": "block/custom/twig/1", "y": 0 },
																					{ "model": "block/custom/twig/2", "y": 0 },
																					{ "model": "block/custom/twig/3", "y": 0 },
																					{ "model": "block/custom/twig/4", "y": 0 },
																					{ "model": "block/custom/twig/5", "y": 0 },
																					{ "model": "block/custom/twig/6", "y": 0 },
																					{ "model": "block/custom/twig/7", "y": 0 },
																					{ "model": "block/custom/twig/8", "y": 0 },
																					{ "model": "block/custom/twig/9", "y": 0 },
																					{ "model": "block/custom/twig/10", "y": 0 }
																					],
        "face=ceiling,facing=east,powered=true":  { "model": "block/custom/open_chest", "y": 270 },
        "face=ceiling,facing=west,powered=true":  { "model": "block/custom/open_chest", "y": 90 },
        "face=ceiling,facing=south,powered=true": { "model": "block/custom/open_chest", "y": 0 },
        "face=ceiling,facing=north,powered=true": { "model": "block/custom/open_chest", "y": 180 }
    }
}
