{
	"providers": [
		{ 
			"type": "bitmap", 
			"file": "minecraft:font/icons.png", 
			"ascent": 7, 
			"chars": ["\uE000\uE001","\uE002 "] 
		},
		{
            "type": "bitmap",
            "file": "minecraft:font/default.png",
            "ascent": 2,
			"height": 2,
            "chars": ["\uE040\uE041\uE042\uE043\uE044\uE045\uE046\uE047\uE048\uE049","\uE04A\uE04B\uE04C\uE04D\uE04E\uE04F\uE050\uE051\uE052\uE053","\uE054\uE055\uE056\uE057\uE058\uE059\uE05A\uE05B\uE05C\uE05D","\uE05E\uE05F\uE060\uE061\uE062\uE063\uE064\uE065\uE066\uE067","\uE068\uE069\uE06A\uE06B\uE06C\uE06D\uE06E\uE06F\uE070\uE071","\uE072\uE073\uE074\uE075\uE076\uE077\uE078\uE079\uE07A\uE07B","\uE07C\uE07D\uE07E\uE07F\uE080\uE081\uE082\uE083\uE084\uE085","\uE086\uE087\uE088\uE089\uE08A\uE08B\uE08C\uE08D\uE08E\uE08F"]
        }
	]
}