{
    "__comment": "Model generated using MrCrayfish's Model Creator (http://mrcrayfish.com/modelcreator/)",
	"ambientocclusion": true,
    "textures": {
        "particle": "block/quartz_block_bottom",
        "0": "block/quartz_block_bottom",
        "1": "block/gold_block",
        "2": "block/coal_block"
    },
    "elements": [
        {
            "name": "CandleMiddle",
            "from": [ 7.0, 1.0, 7.0 ], 
            "to": [ 9.0, 8.0, 9.0 ], 
            "shade": true,
            "faces": {
                "north": { "texture": "#0", "uv": [ 0.0, 0.0, 2.0, 7.0 ] },
                "east": { "texture": "#0", "uv": [ 0.0, 0.0, 2.0, 7.0 ] },
                "south": { "texture": "#0", "uv": [ 0.0, 0.0, 2.0, 7.0 ] },
                "west": { "texture": "#0", "uv": [ 0.0, 0.0, 2.0, 7.0 ] },
                "up": { "texture": "#0", "uv": [ 0.0, 0.0, 2.0, 2.0 ] },
                "down": { "texture": "#0", "uv": [ 0.0, 0.0, 2.0, 2.0 ] }
            }
        },
        {
            "name": "GoldBottom",
            "from": [ 5.5, 0.0, 5.5 ], 
            "to": [ 10.5, 1.0, 10.5 ], 
            "shade": true,
            "faces": {
                "north": { "texture": "#1", "uv": [ 0.0, 0.0, 5.0, 1.0 ] },
                "east": { "texture": "#1", "uv": [ 0.0, 0.0, 5.0, 1.0 ] },
                "south": { "texture": "#1", "uv": [ 0.0, 0.0, 5.0, 1.0 ] },
                "west": { "texture": "#1", "uv": [ 0.0, 0.0, 5.0, 1.0 ] },
                "up": { "texture": "#1", "uv": [ 0.0, 0.0, 5.0, 5.0 ] },
                "down": { "texture": "#1", "uv": [ 0.0, 0.0, 5.0, 5.0 ] }
            }
        },
        {
            "name": "BottomA",
            "from": [ 7.0, 0.5, 5.0 ], 
            "to": [ 9.0, 1.5, 6.0 ], 
            "shade": true,
            "faces": {
                "north": { "texture": "#1", "uv": [ 0.0, 0.0, 2.0, 1.0 ] },
                "east": { "texture": "#1", "uv": [ 0.0, 0.0, 1.0, 1.0 ] },
                "south": { "texture": "#1", "uv": [ 0.0, 0.0, 2.0, 1.0 ] },
                "west": { "texture": "#1", "uv": [ 0.0, 0.0, 1.0, 1.0 ] },
                "up": { "texture": "#1", "uv": [ 0.0, 0.0, 2.0, 1.0 ] },
                "down": { "texture": "#1", "uv": [ 0.0, 0.0, 2.0, 1.0 ] }
            }
        },
        {
            "name": "BottomB",
            "from": [ 7.0, 0.5, 10.0 ], 
            "to": [ 9.0, 1.5, 11.0 ], 
            "shade": true,
            "faces": {
                "north": { "texture": "#1", "uv": [ 0.0, 6.0, 2.0, 7.0 ] },
                "east": { "texture": "#1", "uv": [ 0.0, 6.0, -2.0, 4.0 ] },
                "south": { "texture": "#1", "uv": [ 0.0, 5.0, 1.0, 5.0 ] },
                "west": { "texture": "#1", "uv": [ 0.0, 8.0, 1.0, 9.0 ] },
                "up": { "texture": "#1", "uv": [ 0.0, 8.0, 2.0, 9.0 ] },
                "down": { "texture": "#1", "uv": [ 0.0, 6.0, 2.0, 7.0 ] }
            }
        },
        {
            "name": "BottomC",
            "from": [ 5.0, 0.5, 7.0 ], 
            "to": [ 6.0, 1.5, 9.0 ], 
            "shade": true,
            "faces": {
                "north": { "texture": "#1", "uv": [ 0.0, 0.0, 1.0, 1.0 ] },
                "east": { "texture": "#1", "uv": [ 0.0, 0.0, 2.0, 1.0 ] },
                "south": { "texture": "#1", "uv": [ 0.0, 0.0, 1.0, 1.0 ] },
                "west": { "texture": "#1", "uv": [ 0.0, 0.0, 2.0, 1.0 ] },
                "up": { "texture": "#1", "uv": [ 0.0, 0.0, 1.0, 2.0 ] },
                "down": { "texture": "#1", "uv": [ 0.0, 0.0, 1.0, 2.0 ] }
            }
        },
        {
            "name": "BottomD",
            "from": [ 10.0, 0.5, 7.0 ], 
            "to": [ 11.0, 1.5, 9.0 ], 
            "shade": true,
            "faces": {
                "north": { "texture": "#1", "uv": [ 9.0, 0.0, 10.0, 1.0 ] },
                "east": { "texture": "#1", "uv": [ 8.0, 0.0, 10.0, 1.0 ] },
                "south": { "texture": "#1", "uv": [ 9.0, 0.0, 10.0, 1.0 ] },
                "west": { "texture": "#1", "uv": [ 8.0, 0.0, 10.0, 1.0 ] },
                "up": { "texture": "#1", "uv": [ 10.0, 0.0, 11.0, 2.0 ] },
                "down": { "texture": "#1", "uv": [ 8.0, 0.0, 9.0, 2.0 ] }
            }
        },
        {
            "name": "MiddleA",
            "from": [ 4.5, 1.0, 6.0 ], 
            "to": [ 5.5, 2.0, 10.0 ], 
            "shade": true,
            "faces": {
                "north": { "texture": "#1", "uv": [ 0.0, 0.0, 1.0, 1.0 ] },
                "east": { "texture": "#1", "uv": [ 0.0, 0.0, 4.0, 1.0 ] },
                "south": { "texture": "#1", "uv": [ 0.0, 0.0, 1.0, 1.0 ] },
                "west": { "texture": "#1", "uv": [ 0.0, 0.0, 4.0, 1.0 ] },
                "up": { "texture": "#1", "uv": [ 0.0, 0.0, 1.0, 4.0 ] },
                "down": { "texture": "#1", "uv": [ 0.0, 0.0, 1.0, 4.0 ] }
            }
        },
        {
            "name": "MiddleB",
            "from": [ 10.5, 1.0, 6.0 ], 
            "to": [ 11.5, 2.0, 10.0 ], 
            "shade": true,
            "faces": {
                "north": { "texture": "#1", "uv": [ 11.0, 0.0, 12.0, 1.0 ] },
                "east": { "texture": "#1", "uv": [ 8.0, 0.0, 12.0, 1.0 ] },
                "south": { "texture": "#1", "uv": [ 10.0, 0.0, 11.0, 1.0 ] },
                "west": { "texture": "#1", "uv": [ 10.0, 0.0, 14.0, 1.0 ] },
                "up": { "texture": "#1", "uv": [ 11.0, 0.0, 12.0, 4.0 ] },
                "down": { "texture": "#1", "uv": [ 11.0, 0.0, 12.0, 4.0 ] }
            }
        },
        {
            "name": "MiddleC",
            "from": [ 6.0, 1.0, 10.5 ], 
            "to": [ 10.0, 2.0, 11.5 ], 
            "faces": {
                "north": { "texture": "#1", "uv": [ 11.0, 0.0, 15.0, 1.0 ] },
                "east": { "texture": "#1", "uv": [ 8.0, 0.0, 9.0, 1.0 ] },
                "south": { "texture": "#1", "uv": [ 10.0, 0.0, 14.0, 1.0 ] },
                "west": { "texture": "#1", "uv": [ 10.0, 0.0, 11.0, 1.0 ] },
                "up": { "texture": "#1", "uv": [ 11.0, 0.0, 15.0, 1.0 ] },
                "down": { "texture": "#1", "uv": [ 11.0, 0.0, 15.0, 1.0 ] }
            }
        },
        {
            "name": "MiddleD",
            "from": [ 6.0, 1.0, 4.5 ], 
            "to": [ 10.0, 2.0, 5.5 ], 
            "shade": true,
            "faces": {
                "north": { "texture": "#1", "uv": [ 0.0, 0.0, 4.0, 1.0 ] },
                "east": { "texture": "#1", "uv": [ 0.0, 0.0, 1.0, 1.0 ] },
                "south": { "texture": "#1", "uv": [ 0.0, 0.0, 4.0, 1.0 ] },
                "west": { "texture": "#1", "uv": [ 0.0, 0.0, 1.0, 1.0 ] },
                "up": { "texture": "#1", "uv": [ 0.0, 0.0, 4.0, 1.0 ] },
                "down": { "texture": "#1", "uv": [ 0.0, 0.0, 4.0, 1.0 ] }
            }
        },
        {
            "name": "CornerA",
            "from": [ 5.0, 1.0, 5.0 ], 
            "to": [ 6.0, 2.0, 6.0 ], 
            "shade": true,
            "faces": {
                "north": { "texture": "#1", "uv": [ 0.0, 0.0, 1.0, 1.0 ] },
                "east": { "texture": "#1", "uv": [ 0.0, 0.0, 1.0, 1.0 ] },
                "south": { "texture": "#1", "uv": [ 0.0, 0.0, 1.0, 1.0 ] },
                "west": { "texture": "#1", "uv": [ 0.0, 0.0, 1.0, 1.0 ] },
                "up": { "texture": "#1", "uv": [ 0.0, 0.0, 1.0, 1.0 ] },
                "down": { "texture": "#1", "uv": [ 0.0, 0.0, 1.0, 1.0 ] }
            }
        },
        {
            "name": "CornerB",
            "from": [ 10.0, 1.0, 5.0 ], 
            "to": [ 11.0, 2.0, 6.0 ], 
            "shade": true,
            "faces": {
                "north": { "texture": "#1", "uv": [ 7.0, 0.0, 8.0, 1.0 ] },
                "east": { "texture": "#1", "uv": [ 8.0, 0.0, 9.0, 1.0 ] },
                "south": { "texture": "#1", "uv": [ 7.0, 0.0, 8.0, 1.0 ] },
                "west": { "texture": "#1", "uv": [ 9.0, 0.0, 10.0, 1.0 ] },
                "up": { "texture": "#1", "uv": [ 9.0, 0.0, 10.0, 1.0 ] },
                "down": { "texture": "#1", "uv": [ 8.0, 1.0, 9.0, 2.0 ] }
            }
        },
        {
            "name": "CornerC",
            "from": [ 10.0, 1.0, 10.0 ], 
            "to": [ 11.0, 2.0, 11.0 ], 
            "shade": true,
            "faces": {
                "north": { "texture": "#1", "uv": [ 12.0, 13.0, 13.0, 14.0 ] },
                "east": { "texture": "#1", "uv": [ 13.0, 12.0, 14.0, 13.0 ] },
                "south": { "texture": "#1", "uv": [ 13.0, 12.0, 14.0, 13.0 ] },
                "west": { "texture": "#1", "uv": [ 13.0, 12.0, 14.0, 13.0 ] },
                "up": { "texture": "#1", "uv": [ 13.0, 11.0, 14.0, 12.0 ] },
                "down": { "texture": "#1", "uv": [ 13.0, 11.0, 14.0, 12.0 ] }
            }
        },
        {
            "name": "CornerD",
            "from": [ 5.0, 1.0, 10.0 ], 
            "to": [ 6.0, 2.0, 11.0 ], 
            "shade": true,
            "faces": {
                "north": { "texture": "#1", "uv": [ 13.0, 13.0, 14.0, 14.0 ] },
                "east": { "texture": "#1", "uv": [ 13.0, 15.0, 14.0, 16.0 ] },
                "south": { "texture": "#1", "uv": [ 14.0, 14.0, 15.0, 15.0 ] },
                "west": { "texture": "#1", "uv": [ 13.0, 14.0, 14.0, 15.0 ] },
                "up": { "texture": "#1", "uv": [ 14.0, 13.0, 15.0, 14.0 ] },
                "down": { "texture": "#1", "uv": [ 13.0, 13.0, 14.0, 14.0 ] }
            }
        },
        {
            "name": "SideA1",
            "from": [ 7.0, 1.0, 6.5 ], 
            "to": [ 8.0, 9.0, 7.5 ], 
            "shade": true,
            "faces": {
                "north": { "texture": "#0", "uv": [ 0.0, 0.0, 1.0, 8.0 ] },
                "east": { "texture": "#0", "uv": [ 0.0, 0.0, 1.0, 8.0 ] },
                "south": { "texture": "#0", "uv": [ 0.0, 0.0, 1.0, 8.0 ] },
                "west": { "texture": "#0", "uv": [ 0.0, 0.0, 1.0, 8.0 ] },
                "up": { "texture": "#0", "uv": [ 0.0, 0.0, 1.0, 1.0 ] },
                "down": { "texture": "#0", "uv": [ 0.0, 0.0, 1.0, 1.0 ] }
            }
        },
        {
            "name": "SideA2",
            "from": [ 8.0, 1.0, 6.5 ], 
            "to": [ 9.0, 8.5, 7.5 ], 
            "shade": true,
            "faces": {
                "north": { "texture": "#0", "uv": [ 0.0, 0.0, 1.0, 7.5 ] },
                "east": { "texture": "#0", "uv": [ 0.0, 0.0, 1.0, 7.5 ] },
                "south": { "texture": "#0", "uv": [ 0.0, 0.0, 1.0, 7.5 ] },
                "west": { "texture": "#0", "uv": [ 0.0, 0.0, 1.0, 7.5 ] },
                "up": { "texture": "#0", "uv": [ 0.0, 0.0, 1.0, 1.0 ] },
                "down": { "texture": "#0", "uv": [ 0.0, 0.0, 1.0, 1.0 ] }
            }
        },
        {
            "name": "SideB1",
            "from": [ 8.5, 1.0, 7.0 ], 
            "to": [ 9.5, 8.5, 8.0 ], 
            "shade": true,
            "faces": {
                "north": { "texture": "#0", "uv": [ 0.0, 0.0, 1.0, 7.5 ] },
                "east": { "texture": "#0", "uv": [ 0.0, 0.0, 1.0, 7.5 ] },
                "south": { "texture": "#0", "uv": [ 0.0, 0.0, 1.0, 7.5 ] },
                "west": { "texture": "#0", "uv": [ 0.0, 0.0, 1.0, 7.5 ] },
                "up": { "texture": "#0", "uv": [ 0.0, 0.0, 1.0, 1.0 ] },
                "down": { "texture": "#0", "uv": [ 0.0, 0.0, 1.0, 1.0 ] }
            }
        },
        {
            "name": "SideB2",
            "from": [ 8.5, 1.0, 8.0 ], 
            "to": [ 9.5, 9.0, 9.0 ], 
            "shade": true,
            "faces": {
                "north": { "texture": "#0", "uv": [ 0.0, 0.0, 1.0, 8.0 ] },
                "east": { "texture": "#0", "uv": [ 0.0, 0.0, 1.0, 8.0 ] },
                "south": { "texture": "#0", "uv": [ 0.0, 0.0, 1.0, 8.0 ] },
                "west": { "texture": "#0", "uv": [ 0.0, 0.0, 1.0, 8.0 ] },
                "up": { "texture": "#0", "uv": [ 0.0, 0.0, 1.0, 1.0 ] },
                "down": { "texture": "#0", "uv": [ 0.0, 0.0, 1.0, 1.0 ] }
            }
        },
        {
            "name": "SideC1",
            "from": [ 8.0, 1.0, 8.5 ], 
            "to": [ 9.0, 9.0, 9.5 ], 
            "shade": true,
            "faces": {
                "north": { "texture": "#0", "uv": [ 0.0, 0.0, 1.0, 8.0 ] },
                "east": { "texture": "#0", "uv": [ 0.0, 0.0, 1.0, 8.0 ] },
                "south": { "texture": "#0", "uv": [ 0.0, 0.0, 1.0, 8.0 ] },
                "west": { "texture": "#0", "uv": [ 0.0, 0.0, 1.0, 8.0 ] },
                "up": { "texture": "#0", "uv": [ 0.0, 0.0, 1.0, 1.0 ] },
                "down": { "texture": "#0", "uv": [ 0.0, 0.0, 1.0, 1.0 ] }
            }
        },
        {
            "name": "SideC2",
            "from": [ 7.0, 1.0, 8.5 ], 
            "to": [ 8.0, 8.5, 9.5 ], 
            "shade": true,
            "faces": {
                "north": { "texture": "#0", "uv": [ 0.0, 0.0, 1.0, 7.5 ] },
                "east": { "texture": "#0", "uv": [ 0.0, 0.0, 1.0, 7.5 ] },
                "south": { "texture": "#0", "uv": [ 0.0, 0.0, 1.0, 7.5 ] },
                "west": { "texture": "#0", "uv": [ 0.0, 0.0, 1.0, 7.5 ] },
                "up": { "texture": "#0", "uv": [ 0.0, 0.0, 1.0, 1.0 ] },
                "down": { "texture": "#0", "uv": [ 0.0, 0.0, 1.0, 1.0 ] }
            }
        },
        {
            "name": "SideD1",
            "from": [ 6.5, 1.0, 8.0 ], 
            "to": [ 7.5, 9.0, 9.0 ], 
            "shade": true,
            "faces": {
                "north": { "texture": "#0", "uv": [ 0.0, 0.0, 1.0, 8.0 ] },
                "east": { "texture": "#0", "uv": [ 0.0, 0.0, 1.0, 8.0 ] },
                "south": { "texture": "#0", "uv": [ 0.0, 0.0, 1.0, 8.0 ] },
                "west": { "texture": "#0", "uv": [ 0.0, 0.0, 1.0, 8.0 ] },
                "up": { "texture": "#0", "uv": [ 0.0, 0.0, 1.0, 1.0 ] },
                "down": { "texture": "#0", "uv": [ 0.0, 0.0, 1.0, 1.0 ] }
            }
        },
        {
            "name": "SideD2",
            "from": [ 6.5, 1.0, 7.0 ], 
            "to": [ 7.5, 8.5, 8.0 ], 
            "shade": true,
            "faces": {
                "north": { "texture": "#0", "uv": [ 0.0, 0.0, 1.0, 7.5 ] },
                "east": { "texture": "#0", "uv": [ 0.0, 0.0, 1.0, 7.5 ] },
                "south": { "texture": "#0", "uv": [ 0.0, 0.0, 1.0, 7.5 ] },
                "west": { "texture": "#0", "uv": [ 0.0, 0.0, 1.0, 7.5 ] },
                "up": { "texture": "#0", "uv": [ 0.0, 0.0, 1.0, 1.0 ] },
                "down": { "texture": "#0", "uv": [ 0.0, 0.0, 1.0, 1.0 ] }
            }
        },
        {
            "name": "BlackThing",
            "from": [ 7.7, 8.0, 7.7 ], 
            "to": [ 8.2, 9.0, 8.2 ], 
            "shade": true,
            "faces": {
                "north": { "texture": "#2", "uv": [ 0.0, 0.0, 0.5, 0.5 ] },
                "east": { "texture": "#2", "uv": [ 0.0, 0.0, 0.5, 0.5 ] },
                "south": { "texture": "#2", "uv": [ 0.0, 0.0, 0.5, 0.5 ] },
                "west": { "texture": "#2", "uv": [ 0.0, 0.0, 0.5, 0.5 ] },
                "up": { "texture": "#2", "uv": [ 0.0, 0.0, 0.5, 0.5 ] },
                "down": { "texture": "#2", "uv": [ 0.0, 0.0, 0.5, 0.5 ] }
            }
        },
        {
            "name": "DropA",
            "from": [ 7.5, 1.0, 6.0 ], 
            "to": [ 8.5, 2.0, 7.0 ], 
            "shade": true,
            "faces": {
                "north": { "texture": "#0", "uv": [ 0.0, 0.0, 1.0, 1.0 ] },
                "east": { "texture": "#0", "uv": [ 0.0, 0.0, 1.0, 1.0 ] },
                "south": { "texture": "#0", "uv": [ 0.0, 0.0, 1.0, 1.0 ] },
                "west": { "texture": "#0", "uv": [ 0.0, 0.0, 1.0, 1.0 ] },
                "up": { "texture": "#0", "uv": [ 0.0, 0.0, 1.0, 1.0 ] },
                "down": { "texture": "#0", "uv": [ 0.0, 0.0, 1.0, 1.0 ] }
            }
        },
        {
            "name": "DropB",
            "from": [ 6.3, 1.0, 8.5 ], 
            "to": [ 7.3, 2.0, 9.2 ], 
            "shade": true,
            "faces": {
                "north": { "texture": "#0", "uv": [ 0.0, 0.0, 1.0, 1.0 ] },
                "east": { "texture": "#0", "uv": [ 0.0, 0.0, 0.7, 1.0 ] },
                "south": { "texture": "#0", "uv": [ 0.0, 0.0, 1.0, 1.0 ] },
                "west": { "texture": "#0", "uv": [ 0.0, 0.0, 0.7, 1.0 ] },
                "up": { "texture": "#0", "uv": [ 0.0, 0.0, 1.0, 0.7 ] },
                "down": { "texture": "#0", "uv": [ 0.0, 0.0, 1.0, 0.7 ] }
            }
        },
        {
            "name": "DropC",
            "from": [ 9.0, 1.0, 7.75 ], 
            "to": [ 10.0, 2.0, 8.25 ], 
            "shade": true,
            "faces": {
                "north": { "texture": "#0", "uv": [ 0.0, 0.0, 1.0, 1.0 ] },
                "east": { "texture": "#0", "uv": [ 0.0, 0.0, 0.5, 1.0 ] },
                "south": { "texture": "#0", "uv": [ 0.0, 0.0, 1.0, 1.0 ] },
                "west": { "texture": "#0", "uv": [ 0.0, 0.0, 0.5, 1.0 ] },
                "up": { "texture": "#0", "uv": [ 0.0, 0.0, 1.0, 0.5 ] },
                "down": { "texture": "#0", "uv": [ 0.0, 0.0, 1.0, 0.5 ] }
            }
        }
    ]
}