{
	"credit": "Made with Blockbench",
	"textures": {
		"0": "block/chest_front",
		"1": "block/chest_side",
		"2": "block/chest_top",
		"3": "block/chest_lock",
		"4": "block/chest_inside_top",
		"5": "block/black_metal2",
		"particle": "block/chest_top"
	},
	"elements": [
		{
			"name": "Bottom",
			"from": [1, 0, 1],
			"to": [15, 1, 15],
			"faces": {
				"north": {"uv": [1, 14, 15, 15], "texture": "#0"},
				"east": {"uv": [1, 14, 15, 15], "texture": "#1"},
				"south": {"uv": [1, 14, 15, 15], "texture": "#1"},
				"west": {"uv": [1, 14, 15, 15], "texture": "#1"},
				"up": {"uv": [1, 1, 15, 15], "texture": "#2"},
				"down": {"uv": [1, 1, 15, 15], "texture": "#2"}
			}
		},
		{
			"name": "Lock",
			"from": [7, 23, 13],
			"to": [9, 24, 17],
			"faces": {
				"north": {"uv": [4, 0, 2, 1], "texture": "#3"},
				"east": {"uv": [1, 1, 2, 5], "rotation": 270, "texture": "#3"},
				"south": {"uv": [2, 1, 4, 0], "texture": "#3"},
				"west": {"uv": [3, 1, 4, 5], "rotation": 90, "texture": "#3"},
				"up": {"uv": [4, 1, 6, 5], "rotation": 180, "texture": "#3"},
				"down": {"uv": [3, 1, 1, 5], "texture": "#3"}
			}
		},
		{
			"name": "SideA",
			"from": [1, 1, 1],
			"to": [15, 10, 2],
			"faces": {
				"north": {"uv": [1, 5, 15, 14], "texture": "#0"},
				"east": {"uv": [1, 5, 2, 14], "texture": "#1"},
				"south": {"uv": [1, 5, 15, 14], "texture": "#1"},
				"west": {"uv": [14, 5, 15, 14], "texture": "#1"},
				"up": {"uv": [1, 5, 15, 6], "texture": "#1"},
				"down": {"uv": [1, 5, 15, 6], "texture": "#1"}
			}
		},
		{
			"name": "SideB",
			"from": [1, 1, 14],
			"to": [15, 10, 15],
			"faces": {
				"north": {"uv": [1, 5, 15, 14], "texture": "#1"},
				"east": {"uv": [1, 5, 2, 14], "texture": "#1"},
				"south": {"uv": [1, 5, 15, 14], "texture": "#1"},
				"west": {"uv": [14, 5, 15, 14], "texture": "#1"},
				"up": {"uv": [1, 5, 15, 6], "texture": "#1"},
				"down": {"uv": [1, 5, 15, 6], "texture": "#1"}
			}
		},
		{
			"name": "SideC",
			"from": [1, 1, 2],
			"to": [2, 10, 14],
			"faces": {
				"north": {"uv": [1, 5, 2, 14], "texture": "#1"},
				"east": {"uv": [2, 5, 14, 14], "texture": "#1"},
				"south": {"uv": [14, 5, 15, 14], "texture": "#1"},
				"west": {"uv": [2, 5, 14, 14], "texture": "#1"},
				"up": {"uv": [2, 5, 14, 6], "rotation": 90, "texture": "#1"},
				"down": {"uv": [2, 5, 14, 6], "rotation": 90, "texture": "#1"}
			}
		},
		{
			"name": "SideD",
			"from": [14, 1, 2],
			"to": [15, 10, 14],
			"faces": {
				"north": {"uv": [1, 5, 2, 14], "texture": "#1"},
				"east": {"uv": [2, 5, 14, 14], "texture": "#1"},
				"south": {"uv": [14, 5, 15, 14], "texture": "#1"},
				"west": {"uv": [2, 5, 14, 14], "texture": "#1"},
				"up": {"uv": [2, 5, 14, 6], "texture": "#1"},
				"down": {"uv": [2, 5, 14, 6], "texture": "#1"}
			}
		},
		{
			"name": "OpenA",
			"from": [1, 9, 15],
			"to": [2, 23, 20],
			"faces": {
				"north": {"uv": [1, 1, 2, 15], "texture": "#4"},
				"east": {"uv": [1, 1, 15, 6], "rotation": 90, "texture": "#1"},
				"south": {"uv": [14, 1, 15, 15], "texture": "#4"},
				"west": {"uv": [1, 1, 15, 6], "rotation": 90, "texture": "#1"},
				"up": {"uv": [1, 1, 2, 6], "texture": "#1"},
				"down": {"uv": [1, 1, 2, 6], "texture": "#1"}
			}
		},
		{
			"name": "OpenB",
			"from": [14, 9, 15],
			"to": [15, 23, 20],
			"faces": {
				"north": {"uv": [1, 1, 2, 15], "texture": "#4"},
				"east": {"uv": [1, 1, 15, 6], "rotation": 90, "texture": "#1"},
				"south": {"uv": [14, 1, 15, 15], "texture": "#4"},
				"west": {"uv": [1, 1, 15, 6], "rotation": 90, "texture": "#1"},
				"up": {"uv": [1, 1, 2, 6], "texture": "#1"},
				"down": {"uv": [1, 1, 2, 6], "texture": "#1"}
			}
		},
		{
			"name": "OpenBottom",
			"from": [2, 9, 15],
			"to": [14, 10, 20],
			"faces": {
				"north": {"uv": [2, 1, 14, 2], "texture": "#1"},
				"east": {"uv": [1, 6, 2, 1], "rotation": 90, "texture": "#1"},
				"south": {"uv": [2, 1, 14, 2], "texture": "#1"},
				"west": {"uv": [14, 1, 15, 6], "rotation": 90, "texture": "#1"},
				"up": {"uv": [2, 1, 14, 6], "texture": "#1"},
				"down": {"uv": [2, 1, 14, 6], "texture": "#1"}
			}
		},
		{
			"name": "OpenTop",
			"from": [2, 22, 15],
			"to": [14, 23, 20],
			"faces": {
				"north": {"uv": [2, 1, 14, 2], "texture": "#1"},
				"east": {"uv": [1, 6, 2, 1], "texture": "#1"},
				"south": {"uv": [2, 1, 14, 2], "texture": "#1"},
				"west": {"uv": [14, 1, 15, 6], "texture": "#1"},
				"up": {"uv": [2, 1, 14, 6], "texture": "#1"},
				"down": {"uv": [2, 1, 14, 6], "texture": "#1"}
			}
		},
		{
			"name": "OpenBack",
			"from": [2, 10, 19],
			"to": [14, 22, 20],
			"faces": {
				"north": {"uv": [2, 2, 14, 14], "texture": "#2"},
				"east": {"uv": [1, 0, 2, 12], "texture": "#1"},
				"south": {"uv": [2, 2, 14, 14], "texture": "#2"},
				"west": {"uv": [1, 2, 2, 14], "texture": "#1"},
				"up": {"uv": [2, 1, 14, 2], "texture": "#1"},
				"down": {"uv": [2, 1, 14, 2], "texture": "#1"}
			}
		},
		{
			"name": "Black",
			"from": [2, 10, 15.99],
			"to": [14, 22, 16.99],
			"faces": {
				"north": {"uv": [0, 0, 12, 12], "texture": "#5"},
				"east": {"uv": [0, 0, 1, 12], "texture": "#5"},
				"south": {"uv": [0, 0, 12, 12], "texture": "#5"},
				"west": {"uv": [0, 0, 1, 12], "texture": "#5"},
				"up": {"uv": [0, 0, 12, 1], "texture": "#5"},
				"down": {"uv": [0, 0, 12, 1], "texture": "#5"}
			}
		}
	]
}