{
	"credit": "Made by McTsts with Blockbench",
	"textures": {
		"particle": "empty",
		"4": "block/bone_block_side",
		"5": "block/brown_mushroom_block",
		"8": "item/nautilus_shell",
		"9": "item/nautilus_shell",
		"11": "item/nautilus_shell"
	},
	"elements": [
		{
			"name": "brown mushroom",
			"from": [7, 0, 13],
			"to": [8, 1, 14],
			"faces": {
				"north": {"uv": [0, 0, 1, 1], "texture": "#5"},
				"east": {"uv": [0, 0, 1, 1], "texture": "#5"},
				"south": {"uv": [0, 0, 1, 1], "texture": "#5"},
				"west": {"uv": [0, 0, 1, 1], "texture": "#5"},
				"up": {"uv": [0, 0, 1, 1], "texture": "#5"},
				"down": {"uv": [0, 0, 1, 1], "texture": "#5"}
			}
		},
		{
			"name": "bone 2x2",
			"from": [10.79192, -0.03595, 4],
			"to": [12.79192, 0.96405, 6],
			"rotation": {"angle": 0, "axis": "z", "origin": [6.79192, 0.46405, 2]},
			"faces": {
				"north": {"uv": [3, 11, 5, 12], "texture": "#4"},
				"east": {"uv": [1, 9, 3, 10], "texture": "#4"},
				"south": {"uv": [2, 13, 4, 14], "texture": "#4"},
				"west": {"uv": [1, 9, 3, 10], "texture": "#4"},
				"up": {"uv": [2, 9, 4, 11], "texture": "#4"},
				"down": {"uv": [2, 10, 4, 12], "texture": "#4"}
			}
		},
		{
			"name": "bone 2x1",
			"from": [12.18611, 0, 9.96298],
			"to": [13.18611, 1, 11.96298],
			"rotation": {"angle": 22.5, "axis": "x", "origin": [8.68611, 0.5, 10.96298]},
			"faces": {
				"north": {"uv": [1, 0, 3, 1], "texture": "#4"},
				"east": {"uv": [2, 3, 4, 4], "texture": "#4"},
				"south": {"uv": [0, 0, 2, 1], "texture": "#4"},
				"west": {"uv": [3, 3, 5, 4], "texture": "#4"},
				"up": {"uv": [3, 3, 4, 5], "texture": "#4"},
				"down": {"uv": [3, 3, 4, 5], "texture": "#4"}
			}
		},
		{
			"name": "bone",
			"from": [3.59954, -0.06878, 4],
			"to": [4.59954, 0.93122, 5],
			"rotation": {"angle": 0, "axis": "z", "origin": [4.09954, 0.43122, 9.5]},
			"faces": {
				"north": {"uv": [0, 0, 1, 1], "texture": "#4"},
				"east": {"uv": [0, 0, 1, 1], "texture": "#4"},
				"south": {"uv": [0, 0, 1, 1], "texture": "#4"},
				"west": {"uv": [0, 0, 1, 1], "texture": "#4"},
				"up": {"uv": [0, 0, 1, 1], "texture": "#4"},
				"down": {"uv": [0, 0, 1, 1], "texture": "#4"}
			}
		},
		{
			"name": "nautilus_shell_0",
			"from": [6, -0.875, 7.75],
			"to": [6.5, -0.625, 8.25],
			"rotation": {"angle": 22.5, "axis": "x", "origin": [7.06027, 0.16518, 7.13616]},
			"faces": {
				"north": {"uv": [6, 11, 4, 12], "texture": "#11"},
				"east": {"uv": [5, 11, 6, 13], "rotation": 90, "texture": "#11"},
				"south": {"uv": [4, 12, 6, 13], "texture": "#11"},
				"west": {"uv": [4, 11, 5, 13], "rotation": 270, "texture": "#11"},
				"up": {"uv": [4, 11, 6, 13], "texture": "#11"},
				"down": {"uv": [4, 13, 6, 11], "texture": "#11"}
			}
		},
		{
			"name": "nautilus_shell_1",
			"from": [6.5, -0.875, 7.75],
			"to": [6.75, -0.625, 8],
			"rotation": {"angle": 22.5, "axis": "x", "origin": [7.06027, 0.16518, 7.13616]},
			"faces": {
				"north": {"uv": [7, 11, 6, 12], "texture": "#11"},
				"east": {"uv": [6, 11, 7, 12], "rotation": 90, "texture": "#11"},
				"south": {"uv": [6, 11, 7, 12], "texture": "#11"},
				"west": {"uv": [6, 11, 7, 12], "rotation": 270, "texture": "#11"},
				"up": {"uv": [6, 11, 7, 12], "texture": "#11"},
				"down": {"uv": [6, 12, 7, 11], "texture": "#11"}
			}
		},
		{
			"name": "nautilus_shell_2",
			"from": [5.75, -0.875, 8],
			"to": [6, -0.625, 8.25],
			"rotation": {"angle": 22.5, "axis": "x", "origin": [7.06027, 0.16518, 7.13616]},
			"faces": {
				"north": {"uv": [4, 12, 3, 13], "texture": "#11"},
				"east": {"uv": [3, 12, 4, 13], "rotation": 90, "texture": "#11"},
				"south": {"uv": [3, 12, 4, 13], "texture": "#11"},
				"west": {"uv": [3, 12, 4, 13], "rotation": 270, "texture": "#11"},
				"up": {"uv": [3, 12, 4, 13], "texture": "#11"},
				"down": {"uv": [3, 13, 4, 12], "texture": "#11"}
			}
		},
		{
			"name": "nautilus_shell_0",
			"from": [6.25, -0.75, 5.25],
			"to": [7.5, -0.5, 5.5],
			"rotation": {"angle": 22.5, "axis": "x", "origin": [7.06027, 0.16518, 7.13616]},
			"faces": {
				"north": {"uv": [10, 1, 5, 2], "texture": "#8"},
				"east": {"uv": [9, 1, 10, 2], "rotation": 90, "texture": "#8"},
				"south": {"uv": [5, 1, 10, 2], "texture": "#8"},
				"west": {"uv": [5, 1, 6, 2], "rotation": 270, "texture": "#8"},
				"up": {"uv": [5, 1, 10, 2], "texture": "#8"},
				"down": {"uv": [5, 2, 10, 1], "texture": "#8"}
			}
		},
		{
			"name": "nautilus_shell_1",
			"from": [5.75, -0.75, 5.5],
			"to": [6.25, -0.5, 5.75],
			"rotation": {"angle": 22.5, "axis": "x", "origin": [7.06027, 0.16518, 7.13616]},
			"faces": {
				"north": {"uv": [5, 2, 3, 3], "texture": "#8"},
				"east": {"uv": [4, 2, 5, 3], "rotation": 90, "texture": "#8"},
				"south": {"uv": [3, 2, 5, 3], "texture": "#8"},
				"west": {"uv": [3, 2, 4, 3], "rotation": 270, "texture": "#8"},
				"up": {"uv": [3, 2, 5, 3], "texture": "#8"},
				"down": {"uv": [3, 3, 5, 2], "texture": "#8"}
			}
		},
		{
			"name": "nautilus_shell_2",
			"from": [7.5, -0.75, 5.5],
			"to": [8, -0.5, 5.75],
			"rotation": {"angle": 22.5, "axis": "x", "origin": [7.06027, 0.16518, 7.13616]},
			"faces": {
				"north": {"uv": [12, 2, 10, 3], "texture": "#8"},
				"east": {"uv": [11, 2, 12, 3], "rotation": 90, "texture": "#8"},
				"south": {"uv": [10, 2, 12, 3], "texture": "#8"},
				"west": {"uv": [10, 2, 11, 3], "rotation": 270, "texture": "#8"},
				"up": {"uv": [10, 2, 12, 3], "texture": "#8"},
				"down": {"uv": [10, 3, 12, 2], "texture": "#8"}
			}
		},
		{
			"name": "nautilus_shell_3",
			"from": [5.5, -0.75, 5.75],
			"to": [5.75, -0.5, 6],
			"rotation": {"angle": 22.5, "axis": "x", "origin": [7.06027, 0.16518, 7.13616]},
			"faces": {
				"north": {"uv": [3, 3, 2, 4], "texture": "#8"},
				"east": {"uv": [2, 3, 3, 4], "rotation": 90, "texture": "#8"},
				"south": {"uv": [2, 3, 3, 4], "texture": "#8"},
				"west": {"uv": [2, 3, 3, 4], "rotation": 270, "texture": "#8"},
				"up": {"uv": [2, 3, 3, 4], "texture": "#8"},
				"down": {"uv": [2, 4, 3, 3], "texture": "#8"}
			}
		},
		{
			"name": "nautilus_shell_4",
			"from": [8, -0.75, 5.75],
			"to": [8.25, -0.5, 6],
			"rotation": {"angle": 22.5, "axis": "x", "origin": [7.06027, 0.16518, 7.13616]},
			"faces": {
				"north": {"uv": [13, 3, 12, 4], "texture": "#8"},
				"east": {"uv": [12, 3, 13, 4], "rotation": 90, "texture": "#8"},
				"south": {"uv": [12, 3, 13, 4], "texture": "#8"},
				"west": {"uv": [12, 3, 13, 4], "rotation": 270, "texture": "#8"},
				"up": {"uv": [12, 3, 13, 4], "texture": "#8"},
				"down": {"uv": [12, 4, 13, 3], "texture": "#8"}
			}
		},
		{
			"name": "nautilus_shell_5",
			"from": [5.25, -0.75, 6],
			"to": [5.5, -0.5, 7.5],
			"rotation": {"angle": 22.5, "axis": "x", "origin": [7.06027, 0.16518, 7.13616]},
			"faces": {
				"north": {"uv": [2, 4, 1, 5], "texture": "#8"},
				"east": {"uv": [1, 4, 2, 10], "rotation": 90, "texture": "#8"},
				"south": {"uv": [1, 9, 2, 10], "texture": "#8"},
				"west": {"uv": [1, 4, 2, 10], "rotation": 270, "texture": "#8"},
				"up": {"uv": [1, 4, 2, 10], "texture": "#8"},
				"down": {"uv": [1, 10, 2, 4], "texture": "#8"}
			}
		},
		{
			"name": "nautilus_shell_6",
			"from": [7, -0.75, 6],
			"to": [7.5, -0.5, 6.25],
			"rotation": {"angle": 22.5, "axis": "x", "origin": [7.06027, 0.16518, 7.13616]},
			"faces": {
				"north": {"uv": [10, 4, 8, 5], "texture": "#8"},
				"east": {"uv": [9, 4, 10, 5], "rotation": 90, "texture": "#8"},
				"south": {"uv": [8, 4, 10, 5], "texture": "#8"},
				"west": {"uv": [8, 4, 9, 5], "rotation": 270, "texture": "#8"},
				"up": {"uv": [8, 4, 10, 5], "texture": "#8"},
				"down": {"uv": [8, 5, 10, 4], "texture": "#8"}
			}
		},
		{
			"name": "nautilus_shell_7",
			"from": [8.25, -0.75, 6],
			"to": [8.5, -0.5, 7],
			"rotation": {"angle": 22.5, "axis": "x", "origin": [7.06027, 0.16518, 7.13616]},
			"faces": {
				"north": {"uv": [14, 4, 13, 5], "texture": "#8"},
				"east": {"uv": [13, 4, 14, 8], "rotation": 90, "texture": "#8"},
				"south": {"uv": [13, 7, 14, 8], "texture": "#8"},
				"west": {"uv": [13, 4, 14, 8], "rotation": 270, "texture": "#8"},
				"up": {"uv": [13, 4, 14, 8], "texture": "#8"},
				"down": {"uv": [13, 8, 14, 4], "texture": "#8"}
			}
		},
		{
			"name": "nautilus_shell_8",
			"from": [6.75, -0.75, 6.25],
			"to": [7, -0.5, 6.5],
			"rotation": {"angle": 22.5, "axis": "x", "origin": [7.06027, 0.16518, 7.13616]},
			"faces": {
				"north": {"uv": [8, 5, 7, 6], "texture": "#8"},
				"east": {"uv": [7, 5, 8, 6], "rotation": 90, "texture": "#8"},
				"south": {"uv": [7, 5, 8, 6], "texture": "#8"},
				"west": {"uv": [7, 5, 8, 6], "rotation": 270, "texture": "#8"},
				"up": {"uv": [7, 5, 8, 6], "texture": "#8"},
				"down": {"uv": [7, 6, 8, 5], "texture": "#8"}
			}
		},
		{
			"name": "nautilus_shell_9",
			"from": [7.5, -0.75, 6.25],
			"to": [7.75, -0.5, 6.5],
			"rotation": {"angle": 22.5, "axis": "x", "origin": [7.06027, 0.16518, 7.13616]},
			"faces": {
				"north": {"uv": [11, 5, 10, 6], "texture": "#8"},
				"east": {"uv": [10, 5, 11, 6], "rotation": 90, "texture": "#8"},
				"south": {"uv": [10, 5, 11, 6], "texture": "#8"},
				"west": {"uv": [10, 5, 11, 6], "rotation": 270, "texture": "#8"},
				"up": {"uv": [10, 5, 11, 6], "texture": "#8"},
				"down": {"uv": [10, 6, 11, 5], "texture": "#8"}
			}
		},
		{
			"name": "nautilus_shell_10",
			"from": [6.5, -0.75, 6.5],
			"to": [6.75, -0.5, 7.25],
			"rotation": {"angle": 22.5, "axis": "x", "origin": [7.06027, 0.16518, 7.13616]},
			"faces": {
				"north": {"uv": [7, 6, 6, 7], "texture": "#8"},
				"east": {"uv": [6, 6, 7, 9], "rotation": 90, "texture": "#8"},
				"south": {"uv": [6, 8, 7, 9], "texture": "#8"},
				"west": {"uv": [6, 6, 7, 9], "rotation": 270, "texture": "#8"},
				"up": {"uv": [6, 6, 7, 9], "texture": "#8"},
				"down": {"uv": [6, 9, 7, 6], "texture": "#8"}
			}
		},
		{
			"name": "nautilus_shell_11",
			"from": [7, -0.75, 6.5],
			"to": [7.5, -0.5, 6.75],
			"rotation": {"angle": 22.5, "axis": "x", "origin": [7.06027, 0.16518, 7.13616]},
			"faces": {
				"north": {"uv": [10, 6, 8, 7], "texture": "#8"},
				"east": {"uv": [9, 6, 10, 7], "rotation": 90, "texture": "#8"},
				"south": {"uv": [8, 6, 10, 7], "texture": "#8"},
				"west": {"uv": [8, 6, 9, 7], "rotation": 270, "texture": "#8"},
				"up": {"uv": [8, 6, 10, 7], "texture": "#8"},
				"down": {"uv": [8, 7, 10, 6], "texture": "#8"}
			}
		},
		{
			"name": "nautilus_shell_12",
			"from": [7.75, -0.75, 6.5],
			"to": [8, -0.5, 7.25],
			"rotation": {"angle": 22.5, "axis": "x", "origin": [7.06027, 0.16518, 7.13616]},
			"faces": {
				"north": {"uv": [12, 6, 11, 7], "texture": "#8"},
				"east": {"uv": [11, 6, 12, 9], "rotation": 90, "texture": "#8"},
				"south": {"uv": [11, 8, 12, 9], "texture": "#8"},
				"west": {"uv": [11, 6, 12, 9], "rotation": 270, "texture": "#8"},
				"up": {"uv": [11, 6, 12, 9], "texture": "#8"},
				"down": {"uv": [11, 9, 12, 6], "texture": "#8"}
			}
		},
		{
			"name": "nautilus_shell_13",
			"from": [8.5, -0.75, 6.5],
			"to": [8.75, -0.5, 7.5],
			"rotation": {"angle": 22.5, "axis": "x", "origin": [7.06027, 0.16518, 7.13616]},
			"faces": {
				"north": {"uv": [15, 6, 14, 7], "texture": "#8"},
				"east": {"uv": [14, 6, 15, 10], "rotation": 90, "texture": "#8"},
				"south": {"uv": [14, 9, 15, 10], "texture": "#8"},
				"west": {"uv": [14, 6, 15, 10], "rotation": 270, "texture": "#8"},
				"up": {"uv": [14, 6, 15, 10], "texture": "#8"},
				"down": {"uv": [14, 10, 15, 6], "texture": "#8"}
			}
		},
		{
			"name": "nautilus_shell_14",
			"from": [7.25, -0.75, 6.75],
			"to": [7.75, -0.5, 7.5],
			"rotation": {"angle": 22.5, "axis": "x", "origin": [7.06027, 0.16518, 7.13616]},
			"faces": {
				"north": {"uv": [11, 7, 9, 8], "texture": "#8"},
				"east": {"uv": [10, 7, 11, 10], "rotation": 90, "texture": "#8"},
				"south": {"uv": [9, 9, 11, 10], "texture": "#8"},
				"west": {"uv": [9, 7, 10, 10], "rotation": 270, "texture": "#8"},
				"up": {"uv": [9, 7, 11, 10], "texture": "#8"},
				"down": {"uv": [9, 10, 11, 7], "texture": "#8"}
			}
		},
		{
			"name": "nautilus_shell_15",
			"from": [6.75, -0.75, 7],
			"to": [7.25, -0.5, 7.25],
			"rotation": {"angle": 22.5, "axis": "x", "origin": [7.06027, 0.16518, 7.13616]},
			"faces": {
				"north": {"uv": [9, 8, 7, 9], "texture": "#8"},
				"east": {"uv": [8, 8, 9, 9], "rotation": 90, "texture": "#8"},
				"south": {"uv": [7, 8, 9, 9], "texture": "#8"},
				"west": {"uv": [7, 8, 8, 9], "rotation": 270, "texture": "#8"},
				"up": {"uv": [7, 8, 9, 9], "texture": "#8"},
				"down": {"uv": [7, 9, 9, 8], "texture": "#8"}
			}
		},
		{
			"name": "nautilus_shell_16",
			"from": [5.5, -0.75, 7.25],
			"to": [5.75, -0.5, 7.75],
			"rotation": {"angle": 22.5, "axis": "x", "origin": [7.06027, 0.16518, 7.13616]},
			"faces": {
				"north": {"uv": [3, 9, 2, 10], "texture": "#8"},
				"east": {"uv": [2, 9, 3, 11], "rotation": 90, "texture": "#8"},
				"south": {"uv": [2, 10, 3, 11], "texture": "#8"},
				"west": {"uv": [2, 9, 3, 11], "rotation": 270, "texture": "#8"},
				"up": {"uv": [2, 9, 3, 11], "texture": "#8"},
				"down": {"uv": [2, 11, 3, 9], "texture": "#8"}
			}
		},
		{
			"name": "nautilus_shell_17",
			"from": [7, -0.75, 7.25],
			"to": [7.25, -0.5, 7.75],
			"rotation": {"angle": 22.5, "axis": "x", "origin": [7.06027, 0.16518, 7.13616]},
			"faces": {
				"north": {"uv": [9, 9, 8, 10], "texture": "#8"},
				"east": {"uv": [8, 9, 9, 11], "rotation": 90, "texture": "#8"},
				"south": {"uv": [8, 10, 9, 11], "texture": "#8"},
				"west": {"uv": [8, 9, 9, 11], "rotation": 270, "texture": "#8"},
				"up": {"uv": [8, 9, 9, 11], "texture": "#8"},
				"down": {"uv": [8, 11, 9, 9], "texture": "#8"}
			}
		},
		{
			"name": "nautilus_shell_18",
			"from": [8.25, -0.75, 7.25],
			"to": [8.5, -0.5, 8],
			"rotation": {"angle": 22.5, "axis": "x", "origin": [7.06027, 0.16518, 7.13616]},
			"faces": {
				"north": {"uv": [14, 9, 13, 10], "texture": "#8"},
				"east": {"uv": [13, 9, 14, 12], "rotation": 90, "texture": "#8"},
				"south": {"uv": [13, 11, 14, 12], "texture": "#8"},
				"west": {"uv": [13, 9, 14, 12], "rotation": 270, "texture": "#8"},
				"up": {"uv": [13, 9, 14, 12], "texture": "#8"},
				"down": {"uv": [13, 12, 14, 9], "texture": "#8"}
			}
		},
		{
			"name": "nautilus_shell_19",
			"from": [5.75, -0.75, 7.5],
			"to": [6.25, -0.5, 7.75],
			"rotation": {"angle": 22.5, "axis": "x", "origin": [7.06027, 0.16518, 7.13616]},
			"faces": {
				"north": {"uv": [5, 10, 3, 11], "texture": "#8"},
				"east": {"uv": [4, 10, 5, 11], "rotation": 90, "texture": "#8"},
				"south": {"uv": [3, 10, 5, 11], "texture": "#8"},
				"west": {"uv": [3, 10, 4, 11], "rotation": 270, "texture": "#8"},
				"up": {"uv": [3, 10, 5, 11], "texture": "#8"},
				"down": {"uv": [3, 11, 5, 10], "texture": "#8"}
			}
		},
		{
			"name": "nautilus_shell_20",
			"from": [6.75, -0.75, 7.5],
			"to": [7, -0.5, 7.75],
			"rotation": {"angle": 22.5, "axis": "x", "origin": [7.06027, 0.16518, 7.13616]},
			"faces": {
				"north": {"uv": [8, 10, 7, 11], "texture": "#8"},
				"east": {"uv": [7, 10, 8, 11], "rotation": 90, "texture": "#8"},
				"south": {"uv": [7, 10, 8, 11], "texture": "#8"},
				"west": {"uv": [7, 10, 8, 11], "rotation": 270, "texture": "#8"},
				"up": {"uv": [7, 10, 8, 11], "texture": "#8"},
				"down": {"uv": [7, 11, 8, 10], "texture": "#8"}
			}
		},
		{
			"name": "nautilus_shell_21",
			"from": [7.25, -0.75, 7.5],
			"to": [7.5, -0.5, 7.75],
			"rotation": {"angle": 22.5, "axis": "x", "origin": [7.06027, 0.16518, 7.13616]},
			"faces": {
				"north": {"uv": [10, 10, 9, 11], "texture": "#8"},
				"east": {"uv": [9, 10, 10, 11], "rotation": 90, "texture": "#8"},
				"south": {"uv": [9, 10, 10, 11], "texture": "#8"},
				"west": {"uv": [9, 10, 10, 11], "rotation": 270, "texture": "#8"},
				"up": {"uv": [9, 10, 10, 11], "texture": "#8"},
				"down": {"uv": [9, 11, 10, 10], "texture": "#8"}
			}
		},
		{
			"name": "nautilus_shell_22",
			"from": [8, -0.75, 7.5],
			"to": [8.25, -0.5, 7.75],
			"rotation": {"angle": 22.5, "axis": "x", "origin": [7.06027, 0.16518, 7.13616]},
			"faces": {
				"north": {"uv": [13, 10, 12, 11], "texture": "#8"},
				"east": {"uv": [12, 10, 13, 11], "rotation": 90, "texture": "#8"},
				"south": {"uv": [12, 10, 13, 11], "texture": "#8"},
				"west": {"uv": [12, 10, 13, 11], "rotation": 270, "texture": "#8"},
				"up": {"uv": [12, 10, 13, 11], "texture": "#8"},
				"down": {"uv": [12, 11, 13, 10], "texture": "#8"}
			}
		},
		{
			"name": "nautilus_shell_23",
			"from": [5.75, -0.75, 7.75],
			"to": [6, -0.5, 8],
			"rotation": {"angle": 22.5, "axis": "x", "origin": [7.06027, 0.16518, 7.13616]},
			"faces": {
				"north": {"uv": [4, 11, 3, 12], "texture": "#8"},
				"east": {"uv": [3, 11, 4, 12], "rotation": 90, "texture": "#8"},
				"south": {"uv": [3, 11, 4, 12], "texture": "#8"},
				"west": {"uv": [3, 11, 4, 12], "rotation": 270, "texture": "#8"},
				"up": {"uv": [3, 11, 4, 12], "texture": "#8"},
				"down": {"uv": [3, 12, 4, 11], "texture": "#8"}
			}
		},
		{
			"name": "nautilus_shell_24",
			"from": [7.75, -0.75, 7.75],
			"to": [8, -0.5, 8.5],
			"rotation": {"angle": 22.5, "axis": "x", "origin": [7.06027, 0.16518, 7.13616]},
			"faces": {
				"north": {"uv": [12, 11, 11, 12], "texture": "#8"},
				"east": {"uv": [11, 11, 12, 14], "rotation": 90, "texture": "#8"},
				"south": {"uv": [11, 13, 12, 14], "texture": "#8"},
				"west": {"uv": [11, 11, 12, 14], "rotation": 270, "texture": "#8"},
				"up": {"uv": [11, 11, 12, 14], "texture": "#8"},
				"down": {"uv": [11, 14, 12, 11], "texture": "#8"}
			}
		},
		{
			"name": "nautilus_shell_25",
			"from": [5.5, -0.75, 8],
			"to": [5.75, -0.5, 8.5],
			"rotation": {"angle": 22.5, "axis": "x", "origin": [7.06027, 0.16518, 7.13616]},
			"faces": {
				"north": {"uv": [3, 12, 2, 13], "texture": "#8"},
				"east": {"uv": [2, 12, 3, 14], "rotation": 90, "texture": "#8"},
				"south": {"uv": [2, 13, 3, 14], "texture": "#8"},
				"west": {"uv": [2, 12, 3, 14], "rotation": 270, "texture": "#8"},
				"up": {"uv": [2, 12, 3, 14], "texture": "#8"},
				"down": {"uv": [2, 14, 3, 12], "texture": "#8"}
			}
		},
		{
			"name": "nautilus_shell_26",
			"from": [6.5, -0.75, 8],
			"to": [6.75, -0.5, 8.75],
			"rotation": {"angle": 22.5, "axis": "x", "origin": [7.06027, 0.16518, 7.13616]},
			"faces": {
				"north": {"uv": [7, 12, 6, 13], "texture": "#8"},
				"east": {"uv": [6, 12, 7, 15], "rotation": 90, "texture": "#8"},
				"south": {"uv": [6, 14, 7, 15], "texture": "#8"},
				"west": {"uv": [6, 12, 7, 15], "rotation": 270, "texture": "#8"},
				"up": {"uv": [6, 12, 7, 15], "texture": "#8"},
				"down": {"uv": [6, 15, 7, 12], "texture": "#8"}
			}
		},
		{
			"name": "nautilus_shell_27",
			"from": [7.5, -0.75, 8],
			"to": [7.75, -0.5, 8.5],
			"rotation": {"angle": 22.5, "axis": "x", "origin": [7.06027, 0.16518, 7.13616]},
			"faces": {
				"north": {"uv": [11, 12, 10, 13], "texture": "#8"},
				"east": {"uv": [10, 12, 11, 14], "rotation": 90, "texture": "#8"},
				"south": {"uv": [10, 13, 11, 14], "texture": "#8"},
				"west": {"uv": [10, 12, 11, 14], "rotation": 270, "texture": "#8"},
				"up": {"uv": [10, 12, 11, 14], "texture": "#8"},
				"down": {"uv": [10, 14, 11, 12], "texture": "#8"}
			}
		},
		{
			"name": "nautilus_shell_28",
			"from": [8, -0.75, 8],
			"to": [8.25, -0.5, 8.25],
			"rotation": {"angle": 22.5, "axis": "x", "origin": [7.06027, 0.16518, 7.13616]},
			"faces": {
				"north": {"uv": [13, 12, 12, 13], "texture": "#8"},
				"east": {"uv": [12, 12, 13, 13], "rotation": 90, "texture": "#8"},
				"south": {"uv": [12, 12, 13, 13], "texture": "#8"},
				"west": {"uv": [12, 12, 13, 13], "rotation": 270, "texture": "#8"},
				"up": {"uv": [12, 12, 13, 13], "texture": "#8"},
				"down": {"uv": [12, 13, 13, 12], "texture": "#8"}
			}
		},
		{
			"name": "nautilus_shell_29",
			"from": [5.75, -0.75, 8.25],
			"to": [6.5, -0.5, 8.75],
			"rotation": {"angle": 22.5, "axis": "x", "origin": [7.06027, 0.16518, 7.13616]},
			"faces": {
				"north": {"uv": [6, 13, 3, 14], "texture": "#8"},
				"east": {"uv": [5, 13, 6, 15], "rotation": 90, "texture": "#8"},
				"south": {"uv": [3, 14, 6, 15], "texture": "#8"},
				"west": {"uv": [3, 13, 4, 15], "rotation": 270, "texture": "#8"},
				"up": {"uv": [3, 13, 6, 15], "texture": "#8"},
				"down": {"uv": [3, 15, 6, 13], "texture": "#8"}
			}
		},
		{
			"name": "nautilus_shell_30",
			"from": [7, -0.75, 8.25],
			"to": [7.5, -0.5, 8.75],
			"rotation": {"angle": 22.5, "axis": "x", "origin": [7.06027, 0.16518, 7.13616]},
			"faces": {
				"north": {"uv": [10, 13, 8, 14], "texture": "#8"},
				"east": {"uv": [9, 13, 10, 15], "rotation": 90, "texture": "#8"},
				"south": {"uv": [8, 14, 10, 15], "texture": "#8"},
				"west": {"uv": [8, 13, 9, 15], "rotation": 270, "texture": "#8"},
				"up": {"uv": [8, 13, 10, 15], "texture": "#8"},
				"down": {"uv": [8, 15, 10, 13], "texture": "#8"}
			}
		},
		{
			"name": "nautilus_shell_31",
			"from": [6.75, -0.75, 8.5],
			"to": [7, -0.5, 8.75],
			"rotation": {"angle": 22.5, "axis": "x", "origin": [7.06027, 0.16518, 7.13616]},
			"faces": {
				"north": {"uv": [8, 14, 7, 15], "texture": "#8"},
				"east": {"uv": [7, 14, 8, 15], "rotation": 90, "texture": "#8"},
				"south": {"uv": [7, 14, 8, 15], "texture": "#8"},
				"west": {"uv": [7, 14, 8, 15], "rotation": 270, "texture": "#8"},
				"up": {"uv": [7, 14, 8, 15], "texture": "#8"},
				"down": {"uv": [7, 15, 8, 14], "texture": "#8"}
			}
		},
		{
			"name": "nautilus_shell_20",
			"from": [6.75, -0.625, 8.25],
			"to": [7, -0.375, 8.5],
			"rotation": {"angle": 22.5, "axis": "x", "origin": [7.06027, 0.16518, 7.13616]},
			"faces": {
				"north": {"uv": [8, 13, 7, 14], "texture": "#9"},
				"east": {"uv": [7, 13, 8, 14], "rotation": 90, "texture": "#9"},
				"south": {"uv": [7, 13, 8, 14], "texture": "#9"},
				"west": {"uv": [7, 13, 8, 14], "rotation": 270, "texture": "#9"},
				"up": {"uv": [7, 13, 8, 14], "texture": "#9"},
				"down": {"uv": [7, 14, 8, 13], "texture": "#9"}
			}
		},
		{
			"name": "nautilus_shell_19",
			"from": [8, -0.625, 7.75],
			"to": [8.25, -0.375, 8],
			"rotation": {"angle": 22.5, "axis": "x", "origin": [7.06027, 0.16518, 7.13616]},
			"faces": {
				"north": {"uv": [13, 11, 12, 12], "texture": "#9"},
				"east": {"uv": [12, 11, 13, 12], "rotation": 90, "texture": "#9"},
				"south": {"uv": [12, 11, 13, 12], "texture": "#9"},
				"west": {"uv": [12, 11, 13, 12], "rotation": 270, "texture": "#9"},
				"up": {"uv": [12, 11, 13, 12], "texture": "#9"},
				"down": {"uv": [12, 12, 13, 11], "texture": "#9"}
			}
		},
		{
			"name": "nautilus_shell_18",
			"from": [6.75, -0.625, 7.75],
			"to": [7.5, -0.375, 8.25],
			"rotation": {"angle": 22.5, "axis": "x", "origin": [7.06027, 0.16518, 7.13616]},
			"faces": {
				"north": {"uv": [10, 11, 7, 12], "texture": "#9"},
				"east": {"uv": [9, 11, 10, 13], "rotation": 90, "texture": "#9"},
				"south": {"uv": [7, 12, 10, 13], "texture": "#9"},
				"west": {"uv": [7, 11, 8, 13], "rotation": 270, "texture": "#9"},
				"up": {"uv": [7, 11, 10, 13], "texture": "#9"},
				"down": {"uv": [7, 13, 10, 11], "texture": "#9"}
			}
		},
		{
			"name": "nautilus_shell_17",
			"from": [7.5, -0.625, 7.5],
			"to": [7.75, -0.375, 8],
			"rotation": {"angle": 22.5, "axis": "x", "origin": [7.06027, 0.16518, 7.13616]},
			"faces": {
				"north": {"uv": [11, 10, 10, 11], "texture": "#9"},
				"east": {"uv": [10, 10, 11, 12], "rotation": 90, "texture": "#9"},
				"south": {"uv": [10, 11, 11, 12], "texture": "#9"},
				"west": {"uv": [10, 10, 11, 12], "rotation": 270, "texture": "#9"},
				"up": {"uv": [10, 10, 11, 12], "texture": "#9"},
				"down": {"uv": [10, 12, 11, 10], "texture": "#9"}
			}
		},
		{
			"name": "nautilus_shell_16",
			"from": [6.5, -0.625, 7.5],
			"to": [6.75, -0.375, 7.75],
			"rotation": {"angle": 22.5, "axis": "x", "origin": [7.06027, 0.16518, 7.13616]},
			"faces": {
				"north": {"uv": [7, 10, 6, 11], "texture": "#9"},
				"east": {"uv": [6, 10, 7, 11], "rotation": 90, "texture": "#9"},
				"south": {"uv": [6, 10, 7, 11], "texture": "#9"},
				"west": {"uv": [6, 10, 7, 11], "rotation": 270, "texture": "#9"},
				"up": {"uv": [6, 10, 7, 11], "texture": "#9"},
				"down": {"uv": [6, 11, 7, 10], "texture": "#9"}
			}
		},
		{
			"name": "nautilus_shell_15",
			"from": [7.75, -0.625, 7.25],
			"to": [8, -0.375, 7.75],
			"rotation": {"angle": 22.5, "axis": "x", "origin": [7.06027, 0.16518, 7.13616]},
			"faces": {
				"north": {"uv": [12, 9, 11, 10], "texture": "#9"},
				"east": {"uv": [11, 9, 12, 11], "rotation": 90, "texture": "#9"},
				"south": {"uv": [11, 10, 12, 11], "texture": "#9"},
				"west": {"uv": [11, 9, 12, 11], "rotation": 270, "texture": "#9"},
				"up": {"uv": [11, 9, 12, 11], "texture": "#9"},
				"down": {"uv": [11, 11, 12, 9], "texture": "#9"}
			}
		},
		{
			"name": "nautilus_shell_14",
			"from": [6.5, -0.625, 7.25],
			"to": [7, -0.375, 7.5],
			"rotation": {"angle": 22.5, "axis": "x", "origin": [7.06027, 0.16518, 7.13616]},
			"faces": {
				"north": {"uv": [8, 9, 6, 10], "texture": "#9"},
				"east": {"uv": [7, 9, 8, 10], "rotation": 90, "texture": "#9"},
				"south": {"uv": [6, 9, 8, 10], "texture": "#9"},
				"west": {"uv": [6, 9, 7, 10], "rotation": 270, "texture": "#9"},
				"up": {"uv": [6, 9, 8, 10], "texture": "#9"},
				"down": {"uv": [6, 10, 8, 9], "texture": "#9"}
			}
		},
		{
			"name": "nautilus_shell_13",
			"from": [8.25, -0.625, 7],
			"to": [8.5, -0.375, 7.25],
			"rotation": {"angle": 22.5, "axis": "x", "origin": [7.06027, 0.16518, 7.13616]},
			"faces": {
				"north": {"uv": [14, 8, 13, 9], "texture": "#9"},
				"east": {"uv": [13, 8, 14, 9], "rotation": 90, "texture": "#9"},
				"south": {"uv": [13, 8, 14, 9], "texture": "#9"},
				"west": {"uv": [13, 8, 14, 9], "rotation": 270, "texture": "#9"},
				"up": {"uv": [13, 8, 14, 9], "texture": "#9"},
				"down": {"uv": [13, 9, 14, 8], "texture": "#9"}
			}
		},
		{
			"name": "nautilus_shell_12",
			"from": [7, -0.625, 6.75],
			"to": [7.25, -0.375, 7],
			"rotation": {"angle": 22.5, "axis": "x", "origin": [7.06027, 0.16518, 7.13616]},
			"faces": {
				"north": {"uv": [9, 7, 8, 8], "texture": "#9"},
				"east": {"uv": [8, 7, 9, 8], "rotation": 90, "texture": "#9"},
				"south": {"uv": [8, 7, 9, 8], "texture": "#9"},
				"west": {"uv": [8, 7, 9, 8], "rotation": 270, "texture": "#9"},
				"up": {"uv": [8, 7, 9, 8], "texture": "#9"},
				"down": {"uv": [8, 8, 9, 7], "texture": "#9"}
			}
		},
		{
			"name": "nautilus_shell_11",
			"from": [7.5, -0.625, 6.5],
			"to": [7.75, -0.375, 6.75],
			"rotation": {"angle": 22.5, "axis": "x", "origin": [7.06027, 0.16518, 7.13616]},
			"faces": {
				"north": {"uv": [11, 6, 10, 7], "texture": "#9"},
				"east": {"uv": [10, 6, 11, 7], "rotation": 90, "texture": "#9"},
				"south": {"uv": [10, 6, 11, 7], "texture": "#9"},
				"west": {"uv": [10, 6, 11, 7], "rotation": 270, "texture": "#9"},
				"up": {"uv": [10, 6, 11, 7], "texture": "#9"},
				"down": {"uv": [10, 7, 11, 6], "texture": "#9"}
			}
		},
		{
			"name": "nautilus_shell_10",
			"from": [6.75, -0.625, 6.5],
			"to": [7, -0.375, 7],
			"rotation": {"angle": 22.5, "axis": "x", "origin": [7.06027, 0.16518, 7.13616]},
			"faces": {
				"north": {"uv": [8, 6, 7, 7], "texture": "#9"},
				"east": {"uv": [7, 6, 8, 8], "rotation": 90, "texture": "#9"},
				"south": {"uv": [7, 7, 8, 8], "texture": "#9"},
				"west": {"uv": [7, 6, 8, 8], "rotation": 270, "texture": "#9"},
				"up": {"uv": [7, 6, 8, 8], "texture": "#9"},
				"down": {"uv": [7, 8, 8, 6], "texture": "#9"}
			}
		},
		{
			"name": "nautilus_shell_9",
			"from": [6.25, -0.625, 6.5],
			"to": [6.5, -0.375, 7.75],
			"rotation": {"angle": 22.5, "axis": "x", "origin": [7.06027, 0.16518, 7.13616]},
			"faces": {
				"north": {"uv": [6, 6, 5, 7], "texture": "#9"},
				"east": {"uv": [5, 6, 6, 11], "rotation": 90, "texture": "#9"},
				"south": {"uv": [5, 10, 6, 11], "texture": "#9"},
				"west": {"uv": [5, 6, 6, 11], "rotation": 270, "texture": "#9"},
				"up": {"uv": [5, 6, 6, 11], "texture": "#9"},
				"down": {"uv": [5, 11, 6, 6], "texture": "#9"}
			}
		},
		{
			"name": "nautilus_shell_8",
			"from": [7.75, -0.625, 6.25],
			"to": [8, -0.375, 6.5],
			"rotation": {"angle": 22.5, "axis": "x", "origin": [7.06027, 0.16518, 7.13616]},
			"faces": {
				"north": {"uv": [12, 5, 11, 6], "texture": "#9"},
				"east": {"uv": [11, 5, 12, 6], "rotation": 90, "texture": "#9"},
				"south": {"uv": [11, 5, 12, 6], "texture": "#9"},
				"west": {"uv": [11, 5, 12, 6], "rotation": 270, "texture": "#9"},
				"up": {"uv": [11, 5, 12, 6], "texture": "#9"},
				"down": {"uv": [11, 6, 12, 5], "texture": "#9"}
			}
		},
		{
			"name": "nautilus_shell_7",
			"from": [7, -0.625, 6.25],
			"to": [7.5, -0.375, 6.5],
			"rotation": {"angle": 22.5, "axis": "x", "origin": [7.06027, 0.16518, 7.13616]},
			"faces": {
				"north": {"uv": [10, 5, 8, 6], "texture": "#9"},
				"east": {"uv": [9, 5, 10, 6], "rotation": 90, "texture": "#9"},
				"south": {"uv": [8, 5, 10, 6], "texture": "#9"},
				"west": {"uv": [8, 5, 9, 6], "rotation": 270, "texture": "#9"},
				"up": {"uv": [8, 5, 10, 6], "texture": "#9"},
				"down": {"uv": [8, 6, 10, 5], "texture": "#9"}
			}
		},
		{
			"name": "nautilus_shell_6",
			"from": [6.25, -0.625, 6.25],
			"to": [6.75, -0.375, 6.5],
			"rotation": {"angle": 22.5, "axis": "x", "origin": [7.06027, 0.16518, 7.13616]},
			"faces": {
				"north": {"uv": [7, 5, 5, 6], "texture": "#9"},
				"east": {"uv": [6, 5, 7, 6], "rotation": 90, "texture": "#9"},
				"south": {"uv": [5, 5, 7, 6], "texture": "#9"},
				"west": {"uv": [5, 5, 6, 6], "rotation": 270, "texture": "#9"},
				"up": {"uv": [5, 5, 7, 6], "texture": "#9"},
				"down": {"uv": [5, 6, 7, 5], "texture": "#9"}
			}
		},
		{
			"name": "nautilus_shell_5",
			"from": [8, -0.625, 6],
			"to": [8.25, -0.375, 7.5],
			"rotation": {"angle": 22.5, "axis": "x", "origin": [7.06027, 0.16518, 7.13616]},
			"faces": {
				"north": {"uv": [13, 4, 12, 5], "texture": "#9"},
				"east": {"uv": [12, 4, 13, 10], "rotation": 90, "texture": "#9"},
				"south": {"uv": [12, 9, 13, 10], "texture": "#9"},
				"west": {"uv": [12, 4, 13, 10], "rotation": 270, "texture": "#9"},
				"up": {"uv": [12, 4, 13, 10], "texture": "#9"},
				"down": {"uv": [12, 10, 13, 4], "texture": "#9"}
			}
		},
		{
			"name": "nautilus_shell_4",
			"from": [5.5, -0.625, 6],
			"to": [5.75, -0.375, 7.25],
			"rotation": {"angle": 22.5, "axis": "x", "origin": [7.06027, 0.16518, 7.13616]},
			"faces": {
				"north": {"uv": [3, 4, 2, 5], "texture": "#9"},
				"east": {"uv": [2, 4, 3, 9], "rotation": 90, "texture": "#9"},
				"south": {"uv": [2, 8, 3, 9], "texture": "#9"},
				"west": {"uv": [2, 4, 3, 9], "rotation": 270, "texture": "#9"},
				"up": {"uv": [2, 4, 3, 9], "texture": "#9"},
				"down": {"uv": [2, 9, 3, 4], "texture": "#9"}
			}
		},
		{
			"name": "nautilus_shell_3",
			"from": [7.5, -0.625, 5.75],
			"to": [8, -0.375, 6.25],
			"rotation": {"angle": 22.5, "axis": "x", "origin": [7.06027, 0.16518, 7.13616]},
			"faces": {
				"north": {"uv": [12, 3, 10, 4], "texture": "#9"},
				"east": {"uv": [11, 3, 12, 5], "rotation": 90, "texture": "#9"},
				"south": {"uv": [10, 4, 12, 5], "texture": "#9"},
				"west": {"uv": [10, 3, 11, 5], "rotation": 270, "texture": "#9"},
				"up": {"uv": [10, 3, 12, 5], "texture": "#9"},
				"down": {"uv": [10, 5, 12, 3], "texture": "#9"}
			}
		},
		{
			"name": "nautilus_shell_2",
			"from": [5.75, -0.625, 5.75],
			"to": [6.25, -0.375, 7.5],
			"rotation": {"angle": 22.5, "axis": "x", "origin": [7.06027, 0.16518, 7.13616]},
			"faces": {
				"north": {"uv": [5, 3, 3, 4], "texture": "#9"},
				"east": {"uv": [4, 3, 5, 10], "rotation": 90, "texture": "#9"},
				"south": {"uv": [3, 9, 5, 10], "texture": "#9"},
				"west": {"uv": [3, 3, 4, 10], "rotation": 270, "texture": "#9"},
				"up": {"uv": [3, 3, 5, 10], "texture": "#9"},
				"down": {"uv": [3, 10, 5, 3], "texture": "#9"}
			}
		},
		{
			"name": "nautilus_shell_1",
			"from": [7, -0.625, 5.5],
			"to": [7.5, -0.375, 6],
			"rotation": {"angle": 22.5, "axis": "x", "origin": [7.06027, 0.16518, 7.13616]},
			"faces": {
				"north": {"uv": [10, 2, 8, 3], "texture": "#9"},
				"east": {"uv": [9, 2, 10, 4], "rotation": 90, "texture": "#9"},
				"south": {"uv": [8, 3, 10, 4], "texture": "#9"},
				"west": {"uv": [8, 2, 9, 4], "rotation": 270, "texture": "#9"},
				"up": {"uv": [8, 2, 10, 4], "texture": "#9"},
				"down": {"uv": [8, 4, 10, 2], "texture": "#9"}
			}
		},
		{
			"name": "nautilus_shell_0",
			"from": [6.25, -0.625, 5.5],
			"to": [7, -0.375, 6.25],
			"rotation": {"angle": 22.5, "axis": "x", "origin": [7.06027, 0.16518, 7.13616]},
			"faces": {
				"north": {"uv": [8, 2, 5, 3], "texture": "#9"},
				"east": {"uv": [7, 2, 8, 5], "rotation": 90, "texture": "#9"},
				"south": {"uv": [5, 4, 8, 5], "texture": "#9"},
				"west": {"uv": [5, 2, 6, 5], "rotation": 270, "texture": "#9"},
				"up": {"uv": [5, 2, 8, 5], "texture": "#9"},
				"down": {"uv": [5, 5, 8, 2], "texture": "#9"}
			}
		}
	],
	"groups": [
		{
			"name": "small",
			"origin": [4.09954, 0.43122, 9.5],
			"children": [0, 1, 2, 3]
		},
		{
			"name": "nautilus",
			"origin": [8, 8, 8],
			"children": [4, 5, 6, 7, 8, 9, 10, 11, 12, 13, 14, 15, 16, 17, 18, 19, 20, 21, 22, 23, 24, 25, 26, 27, 28, 29, 30, 31, 32, 33, 34, 35, 36, 37, 38, 39, 40, 41, 42, 43, 44, 45, 46, 47, 48, 49, 50, 51, 52, 53, 54, 55, 56, 57, 58, 59]
		}
	]
}