{
	"credit": "Made by McTsts with Blockbench",
	"textures": {
		"particle": "empty",
		"2": "block/orange_glazed_terracotta",
		"4": "block/bone_block_side",
		"5": "block/brown_mushroom_block"
	},
	"elements": [
		{
			"name": "a",
			"from": [3.22417, -1, 5.4588],
			"to": [5.22417, 1, 9.6588],
			"rotation": {"angle": 22.5, "axis": "y", "origin": [2.22417, 15, 6.4588]},
			"faces": {
				"north": {"uv": [0, 0, 2, 2], "texture": "#2"},
				"east": {"uv": [0, 0, 4.2, 2], "texture": "#2"},
				"south": {"uv": [0, 0, 2, 2], "texture": "#2"},
				"west": {"uv": [0, 0, 4.2, 2], "texture": "#2"},
				"up": {"uv": [0, 0, 2, 4.2], "texture": "#2"},
				"down": {"uv": [0, 0, 2, 4.2], "texture": "#2"}
			}
		},
		{
			"name": "b",
			"from": [2, -1.05, 4.2],
			"to": [4, 0.95, 8.4],
			"rotation": {"angle": -22.5, "axis": "y", "origin": [2, 15, 7]},
			"faces": {
				"north": {"uv": [0, 0, 2, 2], "texture": "#2"},
				"east": {"uv": [0, 0, 4.2, 2], "texture": "#2"},
				"south": {"uv": [0, 0, 2, 2], "texture": "#2"},
				"west": {"uv": [0, 0, 4.2, 2], "texture": "#2"},
				"up": {"uv": [0, 0, 2, 4.2], "texture": "#2"},
				"down": {"uv": [0, 0, 2, 4.2], "texture": "#2"}
			}
		},
		{
			"name": "c",
			"from": [0.95, -0.9, 4.7],
			"to": [6.95, 1.1, 6.7],
			"rotation": {"angle": 0, "axis": "y", "origin": [-4, 15, 5]},
			"faces": {
				"north": {"uv": [0, 0, 6, 2], "texture": "#2"},
				"east": {"uv": [0, 0, 2, 2], "texture": "#2"},
				"south": {"uv": [0, 0, 6, 2], "texture": "#2"},
				"west": {"uv": [0, 0, 2, 2], "texture": "#2"},
				"up": {"uv": [0, 0, 6, 2], "texture": "#2"},
				"down": {"uv": [0, 0, 6, 2], "texture": "#2"}
			}
		},
		{
			"name": "d",
			"from": [2.85, -0.95, 3],
			"to": [4.85, 1.05, 5],
			"rotation": {"angle": 0, "axis": "y", "origin": [-4, 15, 5]},
			"faces": {
				"north": {"uv": [0, 0, 2, 2], "texture": "#2"},
				"east": {"uv": [0, 0, 2, 2], "texture": "#2"},
				"south": {"uv": [0, 0, 2, 2], "texture": "#2"},
				"west": {"uv": [0, 0, 2, 2], "texture": "#2"},
				"up": {"uv": [0, 0, 2, 2], "texture": "#2"},
				"down": {"uv": [0, 0, 2, 2], "texture": "#2"}
			}
		},
		{
			"name": "bone 2x2",
			"from": [12.04192, -0.03595, 12],
			"to": [14.04192, 0.96405, 14],
			"rotation": {"angle": 0, "axis": "z", "origin": [6.79192, 0.46405, 13]},
			"faces": {
				"north": {"uv": [3, 11, 5, 12], "texture": "#4"},
				"east": {"uv": [1, 9, 3, 10], "texture": "#4"},
				"south": {"uv": [2, 13, 4, 14], "texture": "#4"},
				"west": {"uv": [1, 9, 3, 10], "texture": "#4"},
				"up": {"uv": [2, 9, 4, 11], "texture": "#4"},
				"down": {"uv": [2, 10, 4, 12], "texture": "#4"}
			}
		},
		{
			"name": "bone 2x1",
			"from": [10.18611, 0, 2.71298],
			"to": [11.18611, 1, 4.71298],
			"rotation": {"angle": 0, "axis": "y", "origin": [8.68611, 0.5, 10.96298]},
			"faces": {
				"north": {"uv": [1, 0, 3, 1], "texture": "#4"},
				"east": {"uv": [2, 3, 4, 4], "texture": "#4"},
				"south": {"uv": [0, 0, 2, 1], "texture": "#4"},
				"west": {"uv": [3, 3, 5, 4], "texture": "#4"},
				"up": {"uv": [3, 3, 4, 5], "texture": "#4"},
				"down": {"uv": [3, 3, 4, 5], "texture": "#4"}
			}
		},
		{
			"name": "shroom 2x1",
			"from": [8.18611, 0, 9.96298],
			"to": [9.18611, 1, 11.96298],
			"rotation": {"angle": 0, "axis": "y", "origin": [8.68611, 0.5, 10.96298]},
			"faces": {
				"north": {"uv": [1, 0, 3, 1], "texture": "#5"},
				"east": {"uv": [5, 1, 7, 2], "texture": "#5"},
				"south": {"uv": [3, 14, 5, 15], "texture": "#5"},
				"west": {"uv": [6, 7, 8, 8], "texture": "#5"},
				"up": {"uv": [7, 8, 8, 10], "texture": "#5"},
				"down": {"uv": [4, 10, 5, 12], "texture": "#5"}
			}
		},
		{
			"name": "bone",
			"from": [3.59954, -0.06878, 11.75],
			"to": [4.59954, 0.93122, 12.75],
			"rotation": {"angle": 0, "axis": "z", "origin": [4.09954, 0.43122, 9.5]},
			"faces": {
				"north": {"uv": [0, 0, 1, 1], "texture": "#4"},
				"east": {"uv": [0, 0, 1, 1], "texture": "#4"},
				"south": {"uv": [0, 0, 1, 1], "texture": "#4"},
				"west": {"uv": [0, 0, 1, 1], "texture": "#4"},
				"up": {"uv": [0, 0, 1, 1], "texture": "#4"},
				"down": {"uv": [0, 0, 1, 1], "texture": "#4"}
			}
		}
	],
	"groups": [
		{
			"name": "star",
			"origin": [8, 8, 8],
			"children": [0, 1, 2, 3]
		},
		{
			"name": "small",
			"origin": [4.09954, 0.43122, 9.5],
			"children": [4, 5, 6, 7]
		}
	]
}