{
	"credit": "Made by McTsts with Blockbench",
	"textures": {
		"particle": "empty",
		"2": "block/orange_glazed_terracotta",
		"4": "block/bone_block_side",
		"5": "block/brown_mushroom_block"
	},
	"elements": [
		{
			"name": "a",
			"from": [9.22417, -1, 10.4588],
			"to": [11.22417, 1, 14.6588],
			"rotation": {"angle": 22.5, "axis": "y", "origin": [8.22417, 15, 11.4588]},
			"faces": {
				"north": {"uv": [0, 0, 2, 2], "texture": "#2"},
				"east": {"uv": [0, 0, 4.2, 2], "texture": "#2"},
				"south": {"uv": [0, 0, 2, 2], "texture": "#2"},
				"west": {"uv": [0, 0, 4.2, 2], "texture": "#2"},
				"up": {"uv": [0, 0, 2, 4.2], "texture": "#2"},
				"down": {"uv": [0, 0, 2, 4.2], "texture": "#2"}
			}
		},
		{
			"name": "b",
			"from": [8, -1.05, 9.2],
			"to": [10, 0.95, 13.4],
			"rotation": {"angle": -22.5, "axis": "y", "origin": [8, 15, 12]},
			"faces": {
				"north": {"uv": [0, 0, 2, 2], "texture": "#2"},
				"east": {"uv": [0, 0, 4.2, 2], "texture": "#2"},
				"south": {"uv": [0, 0, 2, 2], "texture": "#2"},
				"west": {"uv": [0, 0, 4.2, 2], "texture": "#2"},
				"up": {"uv": [0, 0, 2, 4.2], "texture": "#2"},
				"down": {"uv": [0, 0, 2, 4.2], "texture": "#2"}
			}
		},
		{
			"name": "c",
			"from": [6.95, -0.9, 9.7],
			"to": [12.95, 1.1, 11.7],
			"rotation": {"angle": 0, "axis": "y", "origin": [2, 15, 10]},
			"faces": {
				"north": {"uv": [0, 0, 6, 2], "texture": "#2"},
				"east": {"uv": [0, 0, 2, 2], "texture": "#2"},
				"south": {"uv": [0, 0, 6, 2], "texture": "#2"},
				"west": {"uv": [0, 0, 2, 2], "texture": "#2"},
				"up": {"uv": [0, 0, 6, 2], "texture": "#2"},
				"down": {"uv": [0, 0, 6, 2], "texture": "#2"}
			}
		},
		{
			"name": "d",
			"from": [8.85, -0.95, 8],
			"to": [10.85, 1.05, 10],
			"rotation": {"angle": 0, "axis": "y", "origin": [2, 15, 10]},
			"faces": {
				"north": {"uv": [0, 0, 2, 2], "texture": "#2"},
				"east": {"uv": [0, 0, 2, 2], "texture": "#2"},
				"south": {"uv": [0, 0, 2, 2], "texture": "#2"},
				"west": {"uv": [0, 0, 2, 2], "texture": "#2"},
				"up": {"uv": [0, 0, 2, 2], "texture": "#2"},
				"down": {"uv": [0, 0, 2, 2], "texture": "#2"}
			}
		},
		{
			"name": "bone 2x2",
			"from": [4.04192, -0.03595, 4],
			"to": [6.04192, 0.96405, 6],
			"rotation": {"angle": -22.5, "axis": "x", "origin": [5.04192, 0.46405, 5]},
			"faces": {
				"north": {"uv": [3, 11, 5, 12], "texture": "#4"},
				"east": {"uv": [1, 9, 3, 10], "texture": "#4"},
				"south": {"uv": [2, 13, 4, 14], "texture": "#4"},
				"west": {"uv": [1, 9, 3, 10], "texture": "#4"},
				"up": {"uv": [2, 9, 4, 11], "texture": "#4"},
				"down": {"uv": [2, 10, 4, 12], "texture": "#4"}
			}
		},
		{
			"name": "bone 2x1",
			"from": [10.18611, 0, 2.71298],
			"to": [11.18611, 1, 4.71298],
			"rotation": {"angle": 0, "axis": "y", "origin": [8.68611, 0.5, 10.96298]},
			"faces": {
				"north": {"uv": [1, 0, 3, 1], "texture": "#4"},
				"east": {"uv": [2, 3, 4, 4], "texture": "#4"},
				"south": {"uv": [0, 0, 2, 1], "texture": "#4"},
				"west": {"uv": [3, 3, 5, 4], "texture": "#4"},
				"up": {"uv": [3, 3, 4, 5], "texture": "#4"},
				"down": {"uv": [3, 3, 4, 5], "texture": "#4"}
			}
		},
		{
			"name": "shroom 2x1",
			"from": [1.18611, 0, 2.96298],
			"to": [2.18611, 1, 4.96298],
			"rotation": {"angle": 22.5, "axis": "z", "origin": [1.68611, 0.5, 3.96298]},
			"faces": {
				"north": {"uv": [1, 0, 3, 1], "texture": "#5"},
				"east": {"uv": [5, 1, 7, 2], "texture": "#5"},
				"south": {"uv": [3, 14, 5, 15], "texture": "#5"},
				"west": {"uv": [6, 7, 8, 8], "texture": "#5"},
				"up": {"uv": [7, 8, 8, 10], "texture": "#5"},
				"down": {"uv": [4, 10, 5, 12], "texture": "#5"}
			}
		},
		{
			"name": "bone",
			"from": [3.59954, -0.06878, 11.75],
			"to": [4.59954, 0.93122, 12.75],
			"rotation": {"angle": 0, "axis": "z", "origin": [4.09954, 0.43122, 9.5]},
			"faces": {
				"north": {"uv": [0, 0, 1, 1], "texture": "#4"},
				"east": {"uv": [0, 0, 1, 1], "texture": "#4"},
				"south": {"uv": [0, 0, 1, 1], "texture": "#4"},
				"west": {"uv": [0, 0, 1, 1], "texture": "#4"},
				"up": {"uv": [0, 0, 1, 1], "texture": "#4"},
				"down": {"uv": [0, 0, 1, 1], "texture": "#4"}
			}
		}
	],
	"groups": [
		{
			"name": "star",
			"origin": [8, 8, 8],
			"children": [0, 1, 2, 3]
		},
		{
			"name": "small",
			"origin": [4.09954, 0.43122, 9.5],
			"children": [4, 5, 6, 7]
		}
	]
}