{
	"credit": "Made by McTsts with Blockbench",
	"textures": {
		"particle": "empty",
		"2": "block/orange_glazed_terracotta",
		"4": "block/bone_block_side",
		"5": "block/brown_mushroom_block"
	},
	"elements": [
		{
			"name": "a",
			"from": [9.09223, -1, 9.77734],
			"to": [11.09223, 1, 13.97734],
			"rotation": {"angle": 0, "axis": "y", "origin": [9.87116, 0.025, 10.78642]},
			"faces": {
				"north": {"uv": [0, 0, 2, 2], "texture": "#2"},
				"east": {"uv": [0, 0, 4.2, 2], "texture": "#2"},
				"south": {"uv": [0, 0, 2, 2], "texture": "#2"},
				"west": {"uv": [0, 0, 4.2, 2], "texture": "#2"},
				"up": {"uv": [0, 0, 2, 4.2], "texture": "#2"},
				"down": {"uv": [0, 0, 2, 4.2], "texture": "#2"}
			}
		},
		{
			"name": "b",
			"from": [8.60685, -1.05, 9.82368],
			"to": [10.60685, 0.95, 14.02368],
			"rotation": {"angle": -45, "axis": "y", "origin": [9.87116, 0.025, 10.78642]},
			"faces": {
				"north": {"uv": [0, 0, 2, 2], "texture": "#2"},
				"east": {"uv": [0, 0, 4.2, 2], "texture": "#2"},
				"south": {"uv": [0, 0, 2, 2], "texture": "#2"},
				"west": {"uv": [0, 0, 4.2, 2], "texture": "#2"},
				"up": {"uv": [0, 0, 2, 4.2], "texture": "#2"},
				"down": {"uv": [0, 0, 2, 4.2], "texture": "#2"}
			}
		},
		{
			"name": "c",
			"from": [6.95, -0.9, 9.7],
			"to": [12.95, 1.1, 11.7],
			"rotation": {"angle": -22.5, "axis": "y", "origin": [9.87116, 0.025, 10.78642]},
			"faces": {
				"north": {"uv": [0, 0, 6, 2], "texture": "#2"},
				"east": {"uv": [0, 0, 2, 2], "texture": "#2"},
				"south": {"uv": [0, 0, 6, 2], "texture": "#2"},
				"west": {"uv": [0, 0, 2, 2], "texture": "#2"},
				"up": {"uv": [0, 0, 6, 2], "texture": "#2"},
				"down": {"uv": [0, 0, 6, 2], "texture": "#2"}
			}
		},
		{
			"name": "d",
			"from": [8.85, -0.95, 8],
			"to": [10.85, 1.05, 10],
			"rotation": {"angle": -22.5, "axis": "y", "origin": [9.87116, 0.025, 10.78642]},
			"faces": {
				"north": {"uv": [0, 0, 2, 2], "texture": "#2"},
				"east": {"uv": [0, 0, 2, 2], "texture": "#2"},
				"south": {"uv": [0, 0, 2, 2], "texture": "#2"},
				"west": {"uv": [0, 0, 2, 2], "texture": "#2"},
				"up": {"uv": [0, 0, 2, 2], "texture": "#2"},
				"down": {"uv": [0, 0, 2, 2], "texture": "#2"}
			}
		},
		{
			"name": "bone 2x1",
			"from": [14.93611, 0, 1.46298],
			"to": [16.93611, 1, 2.46298],
			"rotation": {"angle": 22.5, "axis": "y", "origin": [15.93611, 0.5, 12.96298]},
			"faces": {
				"north": {"uv": [3, 3, 5, 4], "texture": "#4"},
				"east": {"uv": [1, 0, 3, 1], "texture": "#4"},
				"south": {"uv": [2, 3, 4, 4], "texture": "#4"},
				"west": {"uv": [0, 0, 2, 1], "texture": "#4"},
				"up": {"uv": [3, 3, 4, 5], "rotation": 90, "texture": "#4"},
				"down": {"uv": [3, 3, 4, 5], "rotation": 270, "texture": "#4"}
			}
		},
		{
			"name": "shroom 2x1",
			"from": [1.18611, 0, 2.96298],
			"to": [2.18611, 1, 4.96298],
			"rotation": {"angle": 22.5, "axis": "z", "origin": [1.68611, 0.5, 3.96298]},
			"faces": {
				"north": {"uv": [1, 0, 3, 1], "texture": "#5"},
				"east": {"uv": [5, 1, 7, 2], "texture": "#5"},
				"south": {"uv": [3, 14, 5, 15], "texture": "#5"},
				"west": {"uv": [6, 7, 8, 8], "texture": "#5"},
				"up": {"uv": [7, 8, 8, 10], "texture": "#5"},
				"down": {"uv": [4, 10, 5, 12], "texture": "#5"}
			}
		},
		{
			"name": "bone",
			"from": [1.59954, -0.06878, 9.75],
			"to": [2.59954, 0.93122, 10.75],
			"rotation": {"angle": -22.5, "axis": "y", "origin": [4.09954, 0.43122, 12.25]},
			"faces": {
				"north": {"uv": [0, 0, 1, 1], "texture": "#4"},
				"east": {"uv": [0, 0, 1, 1], "texture": "#4"},
				"south": {"uv": [0, 0, 1, 1], "texture": "#4"},
				"west": {"uv": [0, 0, 1, 1], "texture": "#4"},
				"up": {"uv": [0, 0, 1, 1], "texture": "#4"},
				"down": {"uv": [0, 0, 1, 1], "texture": "#4"}
			}
		}
	],
	"groups": [
		{
			"name": "star",
			"origin": [8, 8, 8],
			"children": [0, 1, 2, 3]
		},
		{
			"name": "small",
			"origin": [4.09954, 0.43122, 9.5],
			"children": [4, 5, 6]
		}
	]
}