{
	"credit": "Made by McTsts with Blockbench",
	"textures": {
		"particle": "empty",
		"3": "block/anvil",
		"10": "block/diorite"
	},
	"elements": [
		{
			"name": "Clam1",
			"from": [9, 1.1089, 9.02392],
			"to": [12.5, 1.6089, 11.02392],
			"rotation": {"angle": -22.5, "axis": "x", "origin": [10.75, 0.86933, 9.9141]},
			"faces": {
				"north": {"uv": [0, 0, 3.5, 0.5], "texture": "#3"},
				"east": {"uv": [0, 0, 2, 0.5], "texture": "#3"},
				"south": {"uv": [0, 0, 3.5, 0.5], "texture": "#3"},
				"west": {"uv": [0, 0, 2, 0.5], "texture": "#3"},
				"up": {"uv": [0, 0, 3.5, 2], "texture": "#3"},
				"down": {"uv": [0, 0, 3.5, 2], "texture": "#3"}
			}
		},
		{
			"name": "Clam2",
			"from": [9, 0, 9],
			"to": [12.5, 0.75, 11],
			"rotation": {"angle": 0, "axis": "y", "origin": [10.75, 0.86933, 9.9141]},
			"faces": {
				"north": {"uv": [0, 0, 3.5, 0.75], "texture": "#3"},
				"east": {"uv": [0, 0, 2, 0.75], "texture": "#3"},
				"south": {"uv": [0, 0, 3.5, 0.75], "texture": "#3"},
				"west": {"uv": [0, 0, 2, 0.75], "texture": "#3"},
				"up": {"uv": [0, 0, 3.5, 2], "texture": "#3"},
				"down": {"uv": [0, 0, 3.5, 2], "texture": "#3"}
			}
		},
		{
			"name": "6",
			"from": [5.6878, 0, 6.30521],
			"to": [6.1878, 1, 7.55521],
			"rotation": {"angle": -45, "axis": "y", "origin": [6.1878, 0.5, 6.68021]},
			"faces": {
				"north": {"uv": [0, 0, 0.5, 1], "texture": "#10"},
				"east": {"uv": [0, 0, 1.25, 1], "texture": "#10"},
				"south": {"uv": [0, 0, 0.5, 1], "texture": "#10"},
				"west": {"uv": [0, 0, 1.25, 1], "texture": "#10"},
				"up": {"uv": [0, 0, 0.5, 1.25], "texture": "#10"},
				"down": {"uv": [0, 0, 0.5, 1.25], "texture": "#10"}
			}
		},
		{
			"name": "7",
			"from": [4, 0.025, 5.1],
			"to": [5.5, 1.025, 7.1],
			"rotation": {"angle": -22.5, "axis": "y", "origin": [5, 8, 6.975]},
			"faces": {
				"north": {"uv": [0, 0, 1.5, 1], "texture": "#10"},
				"east": {"uv": [0, 0, 2, 1], "texture": "#10"},
				"south": {"uv": [0, 0, 1.5, 1], "texture": "#10"},
				"west": {"uv": [0, 0, 2, 1], "texture": "#10"},
				"up": {"uv": [0, 0, 1.5, 2], "texture": "#10"},
				"down": {"uv": [0, 0, 1.5, 2], "texture": "#10"}
			}
		},
		{
			"name": "5",
			"from": [3.35, 0, 6.75],
			"to": [4.6, 1, 7.25],
			"rotation": {"angle": 0, "axis": "y", "origin": [5, 8, 6.975]},
			"faces": {
				"north": {"uv": [0, 0, 1.25, 1], "texture": "#10"},
				"east": {"uv": [0, 0, 0.5, 1], "texture": "#10"},
				"south": {"uv": [0, 0, 1.25, 1], "texture": "#10"},
				"west": {"uv": [0, 0, 0.5, 1], "texture": "#10"},
				"up": {"uv": [0, 0, 0.5, 1.25], "rotation": 270, "texture": "#10"},
				"down": {"uv": [0, 0, 0.5, 1.25], "rotation": 90, "texture": "#10"}
			}
		},
		{
			"name": "4",
			"from": [3.1, 0.05, 6],
			"to": [5.1, 1.05, 7.5],
			"rotation": {"angle": -22.5, "axis": "y", "origin": [5, 8, 6.975]},
			"faces": {
				"north": {"uv": [0, 0, 2, 1], "texture": "#10"},
				"east": {"uv": [0, 0, 1.5, 1], "texture": "#10"},
				"south": {"uv": [0, 0, 2, 1], "texture": "#10"},
				"west": {"uv": [0, 0, 1.5, 1], "texture": "#10"},
				"up": {"uv": [0, 0, 1.5, 2], "rotation": 270, "texture": "#10"},
				"down": {"uv": [0, 0, 1.5, 2], "rotation": 90, "texture": "#10"}
			}
		},
		{
			"name": "3",
			"from": [3.1, 0, 5.975],
			"to": [4.1, 1, 7.725],
			"rotation": {"angle": -45, "axis": "y", "origin": [5, 8, 6.975]},
			"faces": {
				"north": {"uv": [0, 0, 1, 1], "texture": "#10"},
				"east": {"uv": [0, 0, 1.75, 1], "texture": "#10"},
				"south": {"uv": [0, 0, 1, 1], "texture": "#10"},
				"west": {"uv": [0, 0, 1.75, 1], "texture": "#10"},
				"up": {"uv": [0, 0, 1.75, 1], "rotation": 270, "texture": "#10"},
				"down": {"uv": [0, 0, 1.75, 1], "rotation": 90, "texture": "#10"}
			}
		},
		{
			"name": "2",
			"from": [4, -0.025, 5.075],
			"to": [5.75, 0.975, 6.075],
			"rotation": {"angle": 0, "axis": "y", "origin": [5, 8, 6.975]},
			"faces": {
				"north": {"uv": [0, 0, 1.75, 1], "texture": "#10"},
				"east": {"uv": [0, 0, 1, 1], "texture": "#10"},
				"south": {"uv": [0, 0, 1.75, 1], "texture": "#10"},
				"west": {"uv": [0, 0, 1, 1], "texture": "#10"},
				"up": {"uv": [0, 0, 1.75, 1], "texture": "#10"},
				"down": {"uv": [0, 0, 1.75, 1], "texture": "#10"}
			}
		},
		{
			"name": "1",
			"from": [4, -0.05, 5.1],
			"to": [6, 0.95, 7.6],
			"rotation": {"angle": 22.5, "axis": "y", "origin": [5, 8, 6.975]},
			"faces": {
				"north": {"uv": [0, 0, 2, 1], "texture": "#10"},
				"east": {"uv": [0, 0, 2.5, 1], "texture": "#10"},
				"south": {"uv": [0, 0, 2, 1], "texture": "#10"},
				"west": {"uv": [0, 0, 2.5, 1], "texture": "#10"},
				"up": {"uv": [0, 0, 2, 2.5], "texture": "#10"},
				"down": {"uv": [0, 0, 2, 2.5], "texture": "#10"}
			}
		}
	],
	"groups": [
		{
			"name": "openthing",
			"origin": [8, 8, 8],
			"children": [0, 1]
		},
		{
			"name": "spiky",
			"origin": [8, 21, 8],
			"children": [2, 3, 4, 5, 6, 7, 8]
		}
	]
}