{
    "variants": {
        "powered=false":   [
		                              {"model": "block/custom/stones2/stones0", "uvlock": true, "y": 0  },
									  {"model": "block/custom/stones2/stones0", "uvlock": true, "y": 90 },
									  {"model": "block/custom/stones2/stones0", "uvlock": true, "y": 180},
									  {"model": "block/custom/stones2/stones0", "uvlock": true, "y": 270},
									  {"model": "block/custom/stones2/stones1", "uvlock": true, "y": 0  },
									  {"model": "block/custom/stones2/stones1", "uvlock": true, "y": 90 },
									  {"model": "block/custom/stones2/stones1", "uvlock": true, "y": 180},
									  {"model": "block/custom/stones2/stones1", "uvlock": true, "y": 270},
									  {"model": "block/custom/stones2/stones2", "uvlock": true, "y": 0  },
									  {"model": "block/custom/stones2/stones2", "uvlock": true, "y": 90 },
									  {"model": "block/custom/stones2/stones2", "uvlock": true, "y": 180},
									  {"model": "block/custom/stones2/stones2", "uvlock": true, "y": 270},
									  {"model": "block/custom/stones2/stones3", "uvlock": true, "y": 0  },
									  {"model": "block/custom/stones2/stones3", "uvlock": true, "y": 90 },
									  {"model": "block/custom/stones2/stones3", "uvlock": true, "y": 180},
									  {"model": "block/custom/stones2/stones3", "uvlock": true, "y": 270},
									  {"model": "block/custom/stones2/stones4", "uvlock": true, "y": 0  },
									  {"model": "block/custom/stones2/stones4", "uvlock": true, "y": 90 },
									  {"model": "block/custom/stones2/stones4", "uvlock": true, "y": 180},
									  {"model": "block/custom/stones2/stones4", "uvlock": true, "y": 270},
									  {"model": "block/custom/stones2/stones5", "uvlock": true, "y": 0  },
									  {"model": "block/custom/stones2/stones5", "uvlock": true, "y": 90 },
									  {"model": "block/custom/stones2/stones5", "uvlock": true, "y": 180},
									  {"model": "block/custom/stones2/stones5", "uvlock": true, "y": 270},
									  {"model": "block/custom/stones2/stones6", "uvlock": true, "y": 0  },
									  {"model": "block/custom/stones2/stones6", "uvlock": true, "y": 90 },
									  {"model": "block/custom/stones2/stones6", "uvlock": true, "y": 180},
									  {"model": "block/custom/stones2/stones6", "uvlock": true, "y": 270},
									  {"model": "block/custom/stones2/stones7", "uvlock": true, "y": 0  },
									  {"model": "block/custom/stones2/stones7", "uvlock": true, "y": 90 },
									  {"model": "block/custom/stones2/stones7", "uvlock": true, "y": 180},
									  {"model": "block/custom/stones2/stones7", "uvlock": true, "y": 270},
									  {"model": "block/custom/stones2/stones8", "uvlock": true, "y": 0  },
									  {"model": "block/custom/stones2/stones8", "uvlock": true, "y": 90 },
									  {"model": "block/custom/stones2/stones8", "uvlock": true, "y": 180},
									  {"model": "block/custom/stones2/stones8", "uvlock": true, "y": 270},
									  {"model": "block/custom/stones2/stones9", "uvlock": true, "y": 0  },
									  {"model": "block/custom/stones2/stones9", "uvlock": true, "y": 90 },
									  {"model": "block/custom/stones2/stones9", "uvlock": true, "y": 180},
									  {"model": "block/custom/stones2/stones9", "uvlock": true, "y": 270},
									  {"model": "block/custom/stones2/stones10", "uvlock": true, "y": 0  },
									  {"model": "block/custom/stones2/stones10", "uvlock": true, "y": 90 },
									  {"model": "block/custom/stones2/stones10", "uvlock": true, "y": 180},
									  {"model": "block/custom/stones2/stones10", "uvlock": true, "y": 270},
									  {"model": "block/custom/stones2/stones11", "uvlock": true, "y": 0  },
									  {"model": "block/custom/stones2/stones11", "uvlock": true, "y": 90 },
									  {"model": "block/custom/stones2/stones11", "uvlock": true, "y": 180},
									  {"model": "block/custom/stones2/stones11", "uvlock": true, "y": 270},
									  {"model": "block/custom/stones2/stones12", "uvlock": true, "y": 0  },
									  {"model": "block/custom/stones2/stones12", "uvlock": true, "y": 90 },
									  {"model": "block/custom/stones2/stones12", "uvlock": true, "y": 180},
									  {"model": "block/custom/stones2/stones12", "uvlock": true, "y": 270},
									  {"model": "block/custom/stones2/stones13", "uvlock": true, "y": 0  },
									  {"model": "block/custom/stones2/stones13", "uvlock": true, "y": 90 },
									  {"model": "block/custom/stones2/stones13", "uvlock": true, "y": 180},
									  {"model": "block/custom/stones2/stones13", "uvlock": true, "y": 270},
									  {"model": "block/custom/stones2/stones14", "uvlock": true, "y": 0  },
									  {"model": "block/custom/stones2/stones14", "uvlock": true, "y": 90 },
									  {"model": "block/custom/stones2/stones14", "uvlock": true, "y": 180},
									  {"model": "block/custom/stones2/stones14", "uvlock": true, "y": 270},
									  {"model": "block/custom/stones2/stones15", "uvlock": true, "y": 0  },
									  {"model": "block/custom/stones2/stones15", "uvlock": true, "y": 90 },
									  {"model": "block/custom/stones2/stones15", "uvlock": true, "y": 180},
									  {"model": "block/custom/stones2/stones15", "uvlock": true, "y": 270},
									  {"model": "block/custom/stones2/stones16", "uvlock": true, "y": 0  },
									  {"model": "block/custom/stones2/stones16", "uvlock": true, "y": 90 },
									  {"model": "block/custom/stones2/stones16", "uvlock": true, "y": 180},
									  {"model": "block/custom/stones2/stones16", "uvlock": true, "y": 270},
									  {"model": "block/custom/stones2/stones17", "uvlock": true, "y": 0  },
									  {"model": "block/custom/stones2/stones17", "uvlock": true, "y": 90 },
									  {"model": "block/custom/stones2/stones17", "uvlock": true, "y": 180},
									  {"model": "block/custom/stones2/stones17", "uvlock": true, "y": 270},
									  {"model": "block/custom/stones2/stones18", "uvlock": true, "y": 0  },
									  {"model": "block/custom/stones2/stones18", "uvlock": true, "y": 90 },
									  {"model": "block/custom/stones2/stones18", "uvlock": true, "y": 180},
									  {"model": "block/custom/stones2/stones18", "uvlock": true, "y": 270},
									  {"model": "block/custom/stones2/stones19", "uvlock": true, "y": 0  },
									  {"model": "block/custom/stones2/stones19", "uvlock": true, "y": 90 },
									  {"model": "block/custom/stones2/stones19", "uvlock": true, "y": 180},
									  {"model": "block/custom/stones2/stones19", "uvlock": true, "y": 270},
									  {"model": "block/custom/stones2/stones20", "uvlock": true, "y": 0  },
									  {"model": "block/custom/stones2/stones20", "uvlock": true, "y": 90 },
									  {"model": "block/custom/stones2/stones20", "uvlock": true, "y": 180},
									  {"model": "block/custom/stones2/stones20", "uvlock": true, "y": 270}
									  ],
									 "powered=true":   [
		                              {"model": "block/custom/stones2/stones0", "uvlock": true, "y": 0  },
									  {"model": "block/custom/stones2/stones0", "uvlock": true, "y": 90 },
									  {"model": "block/custom/stones2/stones0", "uvlock": true, "y": 180},
									  {"model": "block/custom/stones2/stones0", "uvlock": true, "y": 270},
									  {"model": "block/custom/stones2/stones1", "uvlock": true, "y": 0  },
									  {"model": "block/custom/stones2/stones1", "uvlock": true, "y": 90 },
									  {"model": "block/custom/stones2/stones1", "uvlock": true, "y": 180},
									  {"model": "block/custom/stones2/stones1", "uvlock": true, "y": 270},
									  {"model": "block/custom/stones2/stones2", "uvlock": true, "y": 0  },
									  {"model": "block/custom/stones2/stones2", "uvlock": true, "y": 90 },
									  {"model": "block/custom/stones2/stones2", "uvlock": true, "y": 180},
									  {"model": "block/custom/stones2/stones2", "uvlock": true, "y": 270},
									  {"model": "block/custom/stones2/stones3", "uvlock": true, "y": 0  },
									  {"model": "block/custom/stones2/stones3", "uvlock": true, "y": 90 },
									  {"model": "block/custom/stones2/stones3", "uvlock": true, "y": 180},
									  {"model": "block/custom/stones2/stones3", "uvlock": true, "y": 270},
									  {"model": "block/custom/stones2/stones4", "uvlock": true, "y": 0  },
									  {"model": "block/custom/stones2/stones4", "uvlock": true, "y": 90 },
									  {"model": "block/custom/stones2/stones4", "uvlock": true, "y": 180},
									  {"model": "block/custom/stones2/stones4", "uvlock": true, "y": 270},
									  {"model": "block/custom/stones2/stones5", "uvlock": true, "y": 0  },
									  {"model": "block/custom/stones2/stones5", "uvlock": true, "y": 90 },
									  {"model": "block/custom/stones2/stones5", "uvlock": true, "y": 180},
									  {"model": "block/custom/stones2/stones5", "uvlock": true, "y": 270},
									  {"model": "block/custom/stones2/stones6", "uvlock": true, "y": 0  },
									  {"model": "block/custom/stones2/stones6", "uvlock": true, "y": 90 },
									  {"model": "block/custom/stones2/stones6", "uvlock": true, "y": 180},
									  {"model": "block/custom/stones2/stones6", "uvlock": true, "y": 270},
									  {"model": "block/custom/stones2/stones7", "uvlock": true, "y": 0  },
									  {"model": "block/custom/stones2/stones7", "uvlock": true, "y": 90 },
									  {"model": "block/custom/stones2/stones7", "uvlock": true, "y": 180},
									  {"model": "block/custom/stones2/stones7", "uvlock": true, "y": 270},
									  {"model": "block/custom/stones2/stones8", "uvlock": true, "y": 0  },
									  {"model": "block/custom/stones2/stones8", "uvlock": true, "y": 90 },
									  {"model": "block/custom/stones2/stones8", "uvlock": true, "y": 180},
									  {"model": "block/custom/stones2/stones8", "uvlock": true, "y": 270},
									  {"model": "block/custom/stones2/stones9", "uvlock": true, "y": 0  },
									  {"model": "block/custom/stones2/stones9", "uvlock": true, "y": 90 },
									  {"model": "block/custom/stones2/stones9", "uvlock": true, "y": 180},
									  {"model": "block/custom/stones2/stones9", "uvlock": true, "y": 270},
									  {"model": "block/custom/stones2/stones10", "uvlock": true, "y": 0  },
									  {"model": "block/custom/stones2/stones10", "uvlock": true, "y": 90 },
									  {"model": "block/custom/stones2/stones10", "uvlock": true, "y": 180},
									  {"model": "block/custom/stones2/stones10", "uvlock": true, "y": 270},
									  {"model": "block/custom/stones2/stones11", "uvlock": true, "y": 0  },
									  {"model": "block/custom/stones2/stones11", "uvlock": true, "y": 90 },
									  {"model": "block/custom/stones2/stones11", "uvlock": true, "y": 180},
									  {"model": "block/custom/stones2/stones11", "uvlock": true, "y": 270},
									  {"model": "block/custom/stones2/stones12", "uvlock": true, "y": 0  },
									  {"model": "block/custom/stones2/stones12", "uvlock": true, "y": 90 },
									  {"model": "block/custom/stones2/stones12", "uvlock": true, "y": 180},
									  {"model": "block/custom/stones2/stones12", "uvlock": true, "y": 270},
									  {"model": "block/custom/stones2/stones13", "uvlock": true, "y": 0  },
									  {"model": "block/custom/stones2/stones13", "uvlock": true, "y": 90 },
									  {"model": "block/custom/stones2/stones13", "uvlock": true, "y": 180},
									  {"model": "block/custom/stones2/stones13", "uvlock": true, "y": 270},
									  {"model": "block/custom/stones2/stones14", "uvlock": true, "y": 0  },
									  {"model": "block/custom/stones2/stones14", "uvlock": true, "y": 90 },
									  {"model": "block/custom/stones2/stones14", "uvlock": true, "y": 180},
									  {"model": "block/custom/stones2/stones14", "uvlock": true, "y": 270},
									  {"model": "block/custom/stones2/stones15", "uvlock": true, "y": 0  },
									  {"model": "block/custom/stones2/stones15", "uvlock": true, "y": 90 },
									  {"model": "block/custom/stones2/stones15", "uvlock": true, "y": 180},
									  {"model": "block/custom/stones2/stones15", "uvlock": true, "y": 270},
									  {"model": "block/custom/stones2/stones16", "uvlock": true, "y": 0  },
									  {"model": "block/custom/stones2/stones16", "uvlock": true, "y": 90 },
									  {"model": "block/custom/stones2/stones16", "uvlock": true, "y": 180},
									  {"model": "block/custom/stones2/stones16", "uvlock": true, "y": 270},
									  {"model": "block/custom/stones2/stones17", "uvlock": true, "y": 0  },
									  {"model": "block/custom/stones2/stones17", "uvlock": true, "y": 90 },
									  {"model": "block/custom/stones2/stones17", "uvlock": true, "y": 180},
									  {"model": "block/custom/stones2/stones17", "uvlock": true, "y": 270},
									  {"model": "block/custom/stones2/stones18", "uvlock": true, "y": 0  },
									  {"model": "block/custom/stones2/stones18", "uvlock": true, "y": 90 },
									  {"model": "block/custom/stones2/stones18", "uvlock": true, "y": 180},
									  {"model": "block/custom/stones2/stones18", "uvlock": true, "y": 270},
									  {"model": "block/custom/stones2/stones19", "uvlock": true, "y": 0  },
									  {"model": "block/custom/stones2/stones19", "uvlock": true, "y": 90 },
									  {"model": "block/custom/stones2/stones19", "uvlock": true, "y": 180},
									  {"model": "block/custom/stones2/stones19", "uvlock": true, "y": 270},
									  {"model": "block/custom/stones2/stones20", "uvlock": true, "y": 0  },
									  {"model": "block/custom/stones2/stones20", "uvlock": true, "y": 90 },
									  {"model": "block/custom/stones2/stones20", "uvlock": true, "y": 180},
									  {"model": "block/custom/stones2/stones20", "uvlock": true, "y": 270}
									  ]
    }
}
