{
    "variants": {
        "layers=1":  [
		{ "model": "block/custom/snow_height/snow_height2a", "weight": 2, "y": 0  },
		{ "model": "block/custom/snow_height/snow_height2a", "weight": 2, "y": 90  },
		{ "model": "block/custom/snow_height/snow_height2a", "weight": 2, "y": 180  },
		{ "model": "block/custom/snow_height/snow_height2a", "weight": 2, "y": 270  },
		{ "model": "block/custom/snow_height/snow_height2b", "weight": 1, "y": 0  },
		{ "model": "block/custom/snow_height/snow_height2b", "weight": 1, "y": 90  },
		{ "model": "block/custom/snow_height/snow_height2b", "weight": 1, "y": 180  },
		{ "model": "block/custom/snow_height/snow_height2b", "weight": 1, "y": 270  },
		{ "model": "block/custom/snow_height/snow_height2c", "weight": 1, "y": 0  },
		{ "model": "block/custom/snow_height/snow_height2c", "weight": 1, "y": 90  },
		{ "model": "block/custom/snow_height/snow_height2c", "weight": 1, "y": 180  },
		{ "model": "block/custom/snow_height/snow_height2c", "weight": 1, "y": 270  },
		{ "model": "block/custom/snow_height/snow_height2d", "weight": 1, "y": 0  },
		{ "model": "block/custom/snow_height/snow_height2d", "weight": 1, "y": 90  },
		{ "model": "block/custom/snow_height/snow_height2d", "weight": 1, "y": 180  },
		{ "model": "block/custom/snow_height/snow_height2d", "weight": 1, "y": 270  },
		{ "model": "block/custom/snow_height/snow_height2e", "weight": 1, "y": 0  },
		{ "model": "block/custom/snow_height/snow_height2e", "weight": 1, "y": 90  },
		{ "model": "block/custom/snow_height/snow_height2e", "weight": 1, "y": 180  },
		{ "model": "block/custom/snow_height/snow_height2e", "weight": 1, "y": 270  }
		],
        "layers=2":  [
		{ "model": "block/custom/snow_height/snow_height4a", "weight": 2, "y": 0  },
		{ "model": "block/custom/snow_height/snow_height4a", "weight": 2, "y": 90  },
		{ "model": "block/custom/snow_height/snow_height4a", "weight": 2, "y": 180  },
		{ "model": "block/custom/snow_height/snow_height4a", "weight": 2, "y": 270  },
		{ "model": "block/custom/snow_height/snow_height4b", "weight": 1, "y": 0  },
		{ "model": "block/custom/snow_height/snow_height4b", "weight": 1, "y": 90  },
		{ "model": "block/custom/snow_height/snow_height4b", "weight": 1, "y": 180  },
		{ "model": "block/custom/snow_height/snow_height4b", "weight": 1, "y": 270  },
		{ "model": "block/custom/snow_height/snow_height4c", "weight": 1, "y": 0  },
		{ "model": "block/custom/snow_height/snow_height4c", "weight": 1, "y": 90  },
		{ "model": "block/custom/snow_height/snow_height4c", "weight": 1, "y": 180  },
		{ "model": "block/custom/snow_height/snow_height4c", "weight": 1, "y": 270  },
		{ "model": "block/custom/snow_height/snow_height4d", "weight": 1, "y": 0  },
		{ "model": "block/custom/snow_height/snow_height4d", "weight": 1, "y": 90  },
		{ "model": "block/custom/snow_height/snow_height4d", "weight": 1, "y": 180  },
		{ "model": "block/custom/snow_height/snow_height4d", "weight": 1, "y": 270  },
		{ "model": "block/custom/snow_height/snow_height4e", "weight": 1, "y": 0  },
		{ "model": "block/custom/snow_height/snow_height4e", "weight": 1, "y": 90  },
		{ "model": "block/custom/snow_height/snow_height4e", "weight": 1, "y": 180  },
		{ "model": "block/custom/snow_height/snow_height4e", "weight": 1, "y": 270  }
		],
        "layers=3":  [
		{ "model": "block/custom/snow_height/snow_height6a", "weight": 2, "y": 0  },
		{ "model": "block/custom/snow_height/snow_height6a", "weight": 2, "y": 90  },
		{ "model": "block/custom/snow_height/snow_height6a", "weight": 2, "y": 180  },
		{ "model": "block/custom/snow_height/snow_height6a", "weight": 2, "y": 270  },
		{ "model": "block/custom/snow_height/snow_height6b", "weight": 1, "y": 0  },
		{ "model": "block/custom/snow_height/snow_height6b", "weight": 1, "y": 90  },
		{ "model": "block/custom/snow_height/snow_height6b", "weight": 1, "y": 180  },
		{ "model": "block/custom/snow_height/snow_height6b", "weight": 1, "y": 270  },
		{ "model": "block/custom/snow_height/snow_height6c", "weight": 1, "y": 0  },
		{ "model": "block/custom/snow_height/snow_height6c", "weight": 1, "y": 90  },
		{ "model": "block/custom/snow_height/snow_height6c", "weight": 1, "y": 180  },
		{ "model": "block/custom/snow_height/snow_height6c", "weight": 1, "y": 270  },
		{ "model": "block/custom/snow_height/snow_height6d", "weight": 1, "y": 0  },
		{ "model": "block/custom/snow_height/snow_height6d", "weight": 1, "y": 90  },
		{ "model": "block/custom/snow_height/snow_height6d", "weight": 1, "y": 180  },
		{ "model": "block/custom/snow_height/snow_height6d", "weight": 1, "y": 270  },
		{ "model": "block/custom/snow_height/snow_height6e", "weight": 1, "y": 0  },
		{ "model": "block/custom/snow_height/snow_height6e", "weight": 1, "y": 90  },
		{ "model": "block/custom/snow_height/snow_height6e", "weight": 1, "y": 180  },
		{ "model": "block/custom/snow_height/snow_height6e", "weight": 1, "y": 270  }
		],
        "layers=4":  [
		{ "model": "block/custom/snow_height/snow_height8a", "weight": 2, "y": 0  },
		{ "model": "block/custom/snow_height/snow_height8a", "weight": 2, "y": 90  },
		{ "model": "block/custom/snow_height/snow_height8a", "weight": 2, "y": 180  },
		{ "model": "block/custom/snow_height/snow_height8a", "weight": 2, "y": 270  },
		{ "model": "block/custom/snow_height/snow_height8b", "weight": 1, "y": 0  },
		{ "model": "block/custom/snow_height/snow_height8b", "weight": 1, "y": 90  },
		{ "model": "block/custom/snow_height/snow_height8b", "weight": 1, "y": 180  },
		{ "model": "block/custom/snow_height/snow_height8b", "weight": 1, "y": 270  },
		{ "model": "block/custom/snow_height/snow_height8c", "weight": 1, "y": 0  },
		{ "model": "block/custom/snow_height/snow_height8c", "weight": 1, "y": 90  },
		{ "model": "block/custom/snow_height/snow_height8c", "weight": 1, "y": 180  },
		{ "model": "block/custom/snow_height/snow_height8c", "weight": 1, "y": 270  },
		{ "model": "block/custom/snow_height/snow_height8d", "weight": 1, "y": 0  },
		{ "model": "block/custom/snow_height/snow_height8d", "weight": 1, "y": 90  },
		{ "model": "block/custom/snow_height/snow_height8d", "weight": 1, "y": 180  },
		{ "model": "block/custom/snow_height/snow_height8d", "weight": 1, "y": 270  },
		{ "model": "block/custom/snow_height/snow_height8e", "weight": 1, "y": 0  },
		{ "model": "block/custom/snow_height/snow_height8e", "weight": 1, "y": 90  },
		{ "model": "block/custom/snow_height/snow_height8e", "weight": 1, "y": 180  },
		{ "model": "block/custom/snow_height/snow_height8e", "weight": 1, "y": 270  }
		],
        "layers=5":  [
		{ "model": "block/custom/snow_height/snow_height10a", "weight": 2, "y": 0  },
		{ "model": "block/custom/snow_height/snow_height10a", "weight": 2, "y": 90  },
		{ "model": "block/custom/snow_height/snow_height10a", "weight": 2, "y": 180  },
		{ "model": "block/custom/snow_height/snow_height10a", "weight": 2, "y": 270  },
		{ "model": "block/custom/snow_height/snow_height10b", "weight": 1, "y": 0  },
		{ "model": "block/custom/snow_height/snow_height10b", "weight": 1, "y": 90  },
		{ "model": "block/custom/snow_height/snow_height10b", "weight": 1, "y": 180  },
		{ "model": "block/custom/snow_height/snow_height10b", "weight": 1, "y": 270  },
		{ "model": "block/custom/snow_height/snow_height10c", "weight": 1, "y": 0  },
		{ "model": "block/custom/snow_height/snow_height10c", "weight": 1, "y": 90  },
		{ "model": "block/custom/snow_height/snow_height10c", "weight": 1, "y": 180  },
		{ "model": "block/custom/snow_height/snow_height10c", "weight": 1, "y": 270  },
		{ "model": "block/custom/snow_height/snow_height10d", "weight": 1, "y": 0  },
		{ "model": "block/custom/snow_height/snow_height10d", "weight": 1, "y": 90  },
		{ "model": "block/custom/snow_height/snow_height10d", "weight": 1, "y": 180  },
		{ "model": "block/custom/snow_height/snow_height10d", "weight": 1, "y": 270  },
		{ "model": "block/custom/snow_height/snow_height10e", "weight": 1, "y": 0  },
		{ "model": "block/custom/snow_height/snow_height10e", "weight": 1, "y": 90  },
		{ "model": "block/custom/snow_height/snow_height10e", "weight": 1, "y": 180  },
		{ "model": "block/custom/snow_height/snow_height10e", "weight": 1, "y": 270  }
		],
        "layers=6":  [
		{ "model": "block/custom/snow_height/snow_height12a", "weight": 2, "y": 0  },
		{ "model": "block/custom/snow_height/snow_height12a", "weight": 2, "y": 90  },
		{ "model": "block/custom/snow_height/snow_height12a", "weight": 2, "y": 180  },
		{ "model": "block/custom/snow_height/snow_height12a", "weight": 2, "y": 270  },
		{ "model": "block/custom/snow_height/snow_height12b", "weight": 1, "y": 0  },
		{ "model": "block/custom/snow_height/snow_height12b", "weight": 1, "y": 90  },
		{ "model": "block/custom/snow_height/snow_height12b", "weight": 1, "y": 180  },
		{ "model": "block/custom/snow_height/snow_height12b", "weight": 1, "y": 270  },
		{ "model": "block/custom/snow_height/snow_height12c", "weight": 1, "y": 0  },
		{ "model": "block/custom/snow_height/snow_height12c", "weight": 1, "y": 90  },
		{ "model": "block/custom/snow_height/snow_height12c", "weight": 1, "y": 180  },
		{ "model": "block/custom/snow_height/snow_height12c", "weight": 1, "y": 270  },
		{ "model": "block/custom/snow_height/snow_height12d", "weight": 1, "y": 0  },
		{ "model": "block/custom/snow_height/snow_height12d", "weight": 1, "y": 90  },
		{ "model": "block/custom/snow_height/snow_height12d", "weight": 1, "y": 180  },
		{ "model": "block/custom/snow_height/snow_height12d", "weight": 1, "y": 270  },
		{ "model": "block/custom/snow_height/snow_height12e", "weight": 1, "y": 0  },
		{ "model": "block/custom/snow_height/snow_height12e", "weight": 1, "y": 90  },
		{ "model": "block/custom/snow_height/snow_height12e", "weight": 1, "y": 180  },
		{ "model": "block/custom/snow_height/snow_height12e", "weight": 1, "y": 270  }
		],
        "layers=7":  [
		{ "model": "block/custom/snow_height/snow_height14a", "weight": 2, "y": 0  },
		{ "model": "block/custom/snow_height/snow_height14a", "weight": 2, "y": 90  },
		{ "model": "block/custom/snow_height/snow_height14a", "weight": 2, "y": 180  },
		{ "model": "block/custom/snow_height/snow_height14a", "weight": 2, "y": 270  },
		{ "model": "block/custom/snow_height/snow_height14b", "weight": 1, "y": 0  },
		{ "model": "block/custom/snow_height/snow_height14b", "weight": 1, "y": 90  },
		{ "model": "block/custom/snow_height/snow_height14b", "weight": 1, "y": 180  },
		{ "model": "block/custom/snow_height/snow_height14b", "weight": 1, "y": 270  },
		{ "model": "block/custom/snow_height/snow_height14c", "weight": 1, "y": 0  },
		{ "model": "block/custom/snow_height/snow_height14c", "weight": 1, "y": 90  },
		{ "model": "block/custom/snow_height/snow_height14c", "weight": 1, "y": 180  },
		{ "model": "block/custom/snow_height/snow_height14c", "weight": 1, "y": 270  },
		{ "model": "block/custom/snow_height/snow_height14d", "weight": 1, "y": 0  },
		{ "model": "block/custom/snow_height/snow_height14d", "weight": 1, "y": 90  },
		{ "model": "block/custom/snow_height/snow_height14d", "weight": 1, "y": 180  },
		{ "model": "block/custom/snow_height/snow_height14d", "weight": 1, "y": 270  },
		{ "model": "block/custom/snow_height/snow_height14e", "weight": 1, "y": 0  },
		{ "model": "block/custom/snow_height/snow_height14e", "weight": 1, "y": 90  },
		{ "model": "block/custom/snow_height/snow_height14e", "weight": 1, "y": 180  },
		{ "model": "block/custom/snow_height/snow_height14e", "weight": 1, "y": 270  }
		],
        "layers=8":  [
		 { "model": "block/custom/snow/snow0", "weight": 2, "y": 0 },
         { "model": "block/custom/snow/snow0", "weight": 2, "y": 90 },
		 { "model": "block/custom/snow/snow0", "weight": 2, "y": 180 },
         { "model": "block/custom/snow/snow0", "weight": 2, "y": 270 },
         { "model": "block/custom/snow/snow1", "weight": 1, "y": 0 },
		 { "model": "block/custom/snow/snow1", "weight": 1, "y": 90 },
		 { "model": "block/custom/snow/snow1", "weight": 1, "y": 180 },
		 { "model": "block/custom/snow/snow1", "weight": 1, "y": 270 },
		 { "model": "block/custom/snow/snow2", "weight": 1, "y": 0 },
		 { "model": "block/custom/snow/snow2", "weight": 1, "y": 90 },
		 { "model": "block/custom/snow/snow2", "weight": 1, "y": 180 },
		 { "model": "block/custom/snow/snow2", "weight": 1, "y": 270 },
		 { "model": "block/custom/snow/snow3", "weight": 1, "y": 0 },
		 { "model": "block/custom/snow/snow3", "weight": 1, "y": 90 },
		 { "model": "block/custom/snow/snow3", "weight": 1, "y": 180 },
		 { "model": "block/custom/snow/snow3", "weight": 1, "y": 270 },
		 { "model": "block/custom/snow/snow4", "weight": 1, "y": 0 },
		 { "model": "block/custom/snow/snow4", "weight": 1, "y": 90 },
		 { "model": "block/custom/snow/snow4", "weight": 1, "y": 180 },
		 { "model": "block/custom/snow/snow4", "weight": 1, "y": 270 }
		]
    }
}
