{
	"__comment": "Model generated using MrCrayfish's Model Creator (http://mrcrayfish.com/modelcreator/)",
	"textures": {
		"0": "custom/witch"
	},
	"elements": [ 	 
		{
			"from": [ 3, 0, 3 ],
			"to": [ 13, 2, 13 ],
			"faces": {
				"down": { "uv": [ 8, 0, 13, 5 ], "texture": "#0", "cullface": "down" },
				"up": { "uv": [ 0, 0, 5, 6 ], "texture": "#0" },
				"north": { "uv": [ 0, 5, 5, 6 ], "texture": "#0" },
				"south": { "uv": [ 0, 5, 5, 6 ], "texture": "#0" },
				"west": { "uv": [ 0, 5, 5, 5 ], "texture": "#0" },
				"east": { "uv": [ 0, 5, 5, 6 ], "texture": "#0" }
			}
		},
		{
			"from": [ 4.5, 2, 4.5 ],
			"to": [ 11.5, 6, 11.5 ],
			"faces": {
				"up": { "uv": [ 0, 8, 3.5, 11.5 ], "texture": "#0" },
				"north": { "uv": [ 4, 12, 7.5, 14 ], "texture": "#0" },
				"south": { "uv": [ 0, 12, 3.5, 14 ], "texture": "#0" },
				"west": { "uv": [ 0, 12, 3.5, 14 ], "texture": "#0" },
				"east": { "uv": [ 0, 12, 3.5, 14 ], "texture": "#0" }
			}
		},
		{
			"from": [ 6, 5, 7 ],
			"to": [ 10, 10, 11 ],
			"rotation": { "origin": [ 8, 8, 8 ], "axis": "x", "angle": 22.5 },
			"faces": {
				"up": { "uv": [ 8, 8, 10, 10 ], "texture": "#0" },
				"north": { "uv": [ 8, 10, 10, 12 ], "texture": "#0" },
				"south": { "uv": [ 8, 10, 10, 12 ], "texture": "#0" },
				"west": { "uv": [ 8, 10, 10, 12 ], "texture": "#0" },
				"east": { "uv": [ 8, 10, 10, 12 ], "texture": "#0" }
			}
		},
		{
			"from": [ 7.5, 9.2, 7.7 ],
			"to": [ 8.5, 12.2, 8.7 ],
			"rotation": { "origin": [ 8, 8, 8 ], "axis": "x", "angle": 45 },
			"faces": {
				"down": { "uv": [ 11, 13, 11.5, 13.5 ], "texture": "#0" },
				"up": { "uv": [ 10, 13, 10.5, 13.5 ], "texture": "#0" },
				"north": { "uv": [ 8, 13, 9, 14 ], "texture": "#0" },
				"south": { "uv": [ 8, 13, 9, 14 ], "texture": "#0" },
				"west": { "uv": [ 8, 13, 9, 14 ], "texture": "#0" },
				"east": { "uv": [ 8, 13, 9, 14 ], "texture": "#0" }
			}
		},
		{
			"from": [ 4.2, 3, 4.5 ],
			"to": [ 4.5, 4, 11.5 ],
			"faces": {
				"down": { "uv": [ 0, 13, 3.5, 13.5 ], "texture": "#0" },
				"up": { "uv": [ 0, 13, 3.5, 13.5 ], "texture": "#0" },
				"west": { "uv": [ 0, 13, 3.5, 13.5 ], "texture": "#0" }
			}
		},
		{
			"from": [ 11.5, 3, 4.5 ],
			"to": [ 11.8, 4, 11.5 ],
			"faces": {
				"down": { "uv": [ 0, 13, 3.5, 13.5 ], "texture": "#0" },
				"up": { "uv": [ 0, 13, 3.5, 13.5 ], "texture": "#0" },
				"east": { "uv": [ 0, 13, 3.5, 13.5 ], "texture": "#0" }
			}
		},
		{
			"from": [ 4.2, 3, 11.5 ],
			"to": [ 11.8, 4, 11.8 ],
			"faces": {
				"down": { "uv": [ 0, 13, 3.5, 13.5 ], "texture": "#0" },
				"up": { "uv": [ 0, 13, 3.5, 13.5 ], "texture": "#0" },
				"north": { "uv": [ 0, 13, 3.5, 13.5 ], "texture": "#0" },
				"south": { "uv": [ 0, 13, 3.5, 13.5 ], "texture": "#0" },
				"west": { "uv": [ 0, 13, 3.5, 13.5 ], "texture": "#0" },
				"east": { "uv": [ 0, 13, 3.5, 13.5 ], "texture": "#0" }
			}
		},
		{
			"from": [ 4.2, 3, 4.2 ],
			"to": [ 6.5, 4, 4.5 ],
			"faces": {
				"down": { "uv": [ 0, 13, 3.5, 13.5 ], "texture": "#0" },
				"up": { "uv": [ 0, 13, 3.5, 13.5 ], "texture": "#0" },
				"north": { "uv": [ 6.5, 13, 7.5, 13.5 ], "texture": "#0" },
				"south": { "uv": [ 0, 13, 3.5, 13.5 ], "texture": "#0" },
				"west": { "uv": [ 0, 13, 3.5, 13.5 ], "texture": "#0" }
			}
		},
		{
			"from": [ 9.5, 3, 4.2 ],
			"to": [ 11.8, 4, 4.5 ],
			"faces": {
				"down": { "uv": [ 0, 13, 3.5, 13.5 ], "texture": "#0" },
				"up": { "uv": [ 0, 13, 3.5, 13.5 ], "texture": "#0" },
				"north": { "uv": [ 7.5, 13, 6.5, 13.5 ], "texture": "#0" },
				"south": { "uv": [ 0, 13, 3.5, 13.5 ], "texture": "#0" },
				"east": { "uv": [ 0, 13, 3.5, 13.5 ], "texture": "#0" }
			}
		},
		{
			"from": [ 6.5, 2, 4.2 ],
			"to": [ 9.5, 5, 4.5 ],
			"faces": {
				"up": { "uv": [ 0, 13, 3.5, 13.5 ], "texture": "#0" },
				"north": { "uv": [ 5, 12.5, 6.5, 14 ], "texture": "#0" },
				"west": { "uv": [ 0, 13, 3.5, 13.5 ], "texture": "#0" },
				"east": { "uv": [ 0, 13, 3.5, 13.5 ], "texture": "#0" }
			}
		}
	],
	"display": {
		"head": {
			"translation":  [ 0, 18, 0 ],
			"scale":  [ 1.6, 1.6, 1.6 ]
		}
	}
}