{
	"credit": "Made with Blockbench",
	"textures": {
		"1": "block/ice"
	},
	"elements": [
		{
			"from": [0, 0, 0],
			"to": [16, 16, 16],
			"faces": {
				"north": {"uv": [0, 0, 16, 16], "texture": "#1"},
				"east": {"uv": [0, 0, 16, 16], "texture": "#1"},
				"south": {"uv": [0, 0, 16, 16], "texture": "#1"},
				"west": {"uv": [0, 0, 16, 16], "texture": "#1"},
				"down": {"uv": [0, 0, 16, 16], "texture": "#1"}
			}
		},
		{
			"from": [0, 16, 0],
			"to": [16, 29, 16],
			"faces": {
				"north": {"uv": [0, 0, 16, 13], "texture": "#1"},
				"east": {"uv": [0, 0, 16, 13], "texture": "#1"},
				"south": {"uv": [0, 0, 16, 13], "texture": "#1"},
				"west": {"uv": [0, 0, 16, 13], "texture": "#1"},
				"up": {"uv": [0, 0, 16, 16], "texture": "#1"}
			}
		},
		{
			"from": [2, 5, 2],
			"to": [14, 32, 14],
			"faces": {
				"north": {"uv": [0, 0, 12, 16], "texture": "#1"},
				"east": {"uv": [0, 0, 12, 16], "texture": "#1"},
				"south": {"uv": [0, 0, 12, 16], "texture": "#1"},
				"west": {"uv": [0, 0, 12, 16], "texture": "#1"},
				"up": {"uv": [0, 0, 12, 12], "texture": "#1"},
				"down": {"uv": [0, 0, 12, 12], "texture": "#1"}
			}
		},
		{
			"from": [3, -8, 2],
			"to": [19, 11, 18],
			"faces": {
				"north": {"uv": [0, 0, 16, 16], "texture": "#1"},
				"east": {"uv": [0, 0, 16, 16], "texture": "#1"},
				"south": {"uv": [0, 0, 16, 16], "texture": "#1"},
				"west": {"uv": [0, 0, 16, 16], "texture": "#1"},
				"up": {"uv": [0, 0, 16, 16], "texture": "#1"},
				"down": {"uv": [0, 0, 16, 16], "texture": "#1"}
			}
		},
		{
			"from": [-3, -7, -4],
			"to": [10, 14, 11],
			"faces": {
				"north": {"uv": [0, 0, 13, 16], "texture": "#1"},
				"east": {"uv": [0, 0, 15, 16], "texture": "#1"},
				"south": {"uv": [0, 0, 13, 16], "texture": "#1"},
				"west": {"uv": [0, 0, 15, 16], "texture": "#1"},
				"up": {"uv": [0, 0, 13, 15], "texture": "#1"},
				"down": {"uv": [0, 0, 13, 15], "texture": "#1"}
			}
		},
		{
			"from": [5, -3, -3],
			"to": [18, 16, 11],
			"faces": {
				"north": {"uv": [0, 0, 13, 16], "texture": "#1"},
				"east": {"uv": [0, 0, 14, 16], "texture": "#1"},
				"south": {"uv": [0, 0, 13, 16], "texture": "#1"},
				"west": {"uv": [0, 0, 14, 16], "texture": "#1"},
				"up": {"uv": [0, 0, 13, 14], "texture": "#1"},
				"down": {"uv": [0, 0, 13, 14], "texture": "#1"}
			}
		},
		{
			"from": [0, -16, 0],
			"to": [16, 0, 16],
			"faces": {
				"north": {"uv": [0, 0, 16, 16], "texture": "#1"},
				"east": {"uv": [0, 0, 16, 16], "texture": "#1"},
				"south": {"uv": [0, 0, 16, 16], "texture": "#1"},
				"west": {"uv": [0, 0, 16, 16], "texture": "#1"},
				"down": {"uv": [0, 0, 16, 16], "texture": "#1"}
			}
		}
	],
	"display": {
		"head": {
			"translation": [0, -28.25, 0],
			"scale": [1.8, 1.8, 1.8]
		}
	}
}