{
	"credit": "Made with Blockbench",
	"textures": {
		"0": "block/oak_log",
		"1": "block/green_terracotta",
		"particle": "block/oak_log"
	},
	"elements": [
		{
			"name": "Leave2",
			"from": [13.8, 0, 3],
			"to": [14.8, 1, 4],
			"rotation": {"angle": 45, "axis": "y", "origin": [11.4, 0.5, 11.4]},
			"faces": {
				"north": {"uv": [0, 0, 1, 1], "texture": "#1"},
				"east": {"uv": [0, 0, 1, 1], "texture": "#1"},
				"south": {"uv": [0, 0, 1, 1], "texture": "#1"},
				"west": {"uv": [0, 0, 1, 1], "texture": "#1"},
				"up": {"uv": [0, 0, 1, 1], "rotation": 90, "texture": "#1"},
				"down": {"uv": [0, 0, 1, 1], "rotation": 270, "texture": "#1"}
			}
		},
		{
			"name": "Twig1b",
			"from": [10.9, 0.1, 10.9],
			"to": [12.9, 0.9, 11.7],
			"rotation": {"angle": 22.5, "axis": "y", "origin": [12, 0.5, 10.5]},
			"faces": {
				"north": {"uv": [11, 0, 13, 1], "texture": "#0"},
				"east": {"uv": [0, 0, 1, 1], "texture": "#0"},
				"south": {"uv": [11, 0, 13, 1], "texture": "#0"},
				"west": {"uv": [0, 0, 1, 1], "texture": "#0"},
				"up": {"uv": [11, 0, 13, 1], "rotation": 180, "texture": "#0"},
				"down": {"uv": [11, 0, 13, 1], "rotation": 180, "texture": "#0"}
			}
		},
		{
			"name": "Twig2",
			"from": [12.8, 0, 2],
			"to": [13.8, 1, 13],
			"rotation": {"angle": 45, "axis": "y", "origin": [11.4, 0.5, 11.4]},
			"faces": {
				"north": {"uv": [0, 0, 1, 1], "texture": "#0"},
				"east": {"uv": [0, 4, 11, 5], "texture": "#0"},
				"south": {"uv": [0, 0, 1, 1], "texture": "#0"},
				"west": {"uv": [0, 4, 11, 5], "texture": "#0"},
				"up": {"uv": [0, 4, 11, 5], "rotation": 90, "texture": "#0"},
				"down": {"uv": [0, 4, 11, 5], "rotation": 270, "texture": "#0"}
			}
		},
		{
			"name": "Leave3",
			"from": [11.8, 0, 6],
			"to": [12.8, 1, 7],
			"rotation": {"angle": 45, "axis": "y", "origin": [11.4, 0.5, 11.4]},
			"faces": {
				"north": {"uv": [3, 1, 4, 2], "texture": "#1"},
				"east": {"uv": [3, 1, 4, 2], "texture": "#1"},
				"south": {"uv": [3, 1, 4, 2], "texture": "#1"},
				"west": {"uv": [3, 1, 4, 2], "texture": "#1"},
				"up": {"uv": [3, 1, 4, 2], "rotation": 90, "texture": "#1"},
				"down": {"uv": [3, 1, 4, 2], "rotation": 270, "texture": "#1"}
			}
		},
		{
			"name": "Leave4",
			"from": [11.2, 0.1, 10.4],
			"to": [12, 0.9, 11.2],
			"rotation": {"angle": 22.5, "axis": "y", "origin": [11.4, 0.5, 11.4]},
			"faces": {
				"north": {"uv": [3, 1, 4, 2], "texture": "#1"},
				"east": {"uv": [3, 1, 4, 2], "texture": "#1"},
				"south": {"uv": [3, 1, 4, 2], "texture": "#1"},
				"west": {"uv": [3, 1, 4, 2], "texture": "#1"},
				"up": {"uv": [3, 1, 4, 2], "rotation": 180, "texture": "#1"},
				"down": {"uv": [3, 1, 4, 2], "rotation": 180, "texture": "#1"}
			}
		}
	],
	"groups": [
		{
			"name": "2",
			"children": [0, 1, 2, 3, 4]
		}
	]
}