{
	"credit": "Made with Blockbench",
	"textures": {
		"0": "block/jungle_log",
		"1": "block/green_terracotta",
		"particle": "block/jungle_log"
	},
	"elements": [
		{
			"name": "Twig1",
			"from": [2, 0, 3],
			"to": [9, 1, 4],
			"rotation": {"angle": 22.5, "axis": "y", "origin": [8, 8, 8]},
			"faces": {
				"north": {"uv": [0, 0, 7, 1], "texture": "#0"},
				"east": {"uv": [0, 0, 1, 1], "texture": "#0"},
				"south": {"uv": [0, 0, 7, 1], "texture": "#0"},
				"west": {"uv": [0, 0, 1, 1], "texture": "#0"},
				"up": {"uv": [0, 0, 7, 1], "texture": "#0"},
				"down": {"uv": [0, 0, 7, 1], "texture": "#0"}
			}
		},
		{
			"name": "Twig1b",
			"from": [6, 0, 4],
			"to": [8, 1, 5],
			"rotation": {"angle": 22.5, "axis": "y", "origin": [8, 8, 8]},
			"faces": {
				"north": {"uv": [11, 0, 13, 1], "texture": "#0"},
				"east": {"uv": [0, 0, 1, 1], "texture": "#0"},
				"south": {"uv": [11, 0, 13, 1], "texture": "#0"},
				"west": {"uv": [0, 0, 1, 1], "texture": "#0"},
				"up": {"uv": [11, 0, 13, 1], "texture": "#0"},
				"down": {"uv": [11, 0, 13, 1], "texture": "#0"}
			}
		},
		{
			"name": "Leave1",
			"from": [3, 0, 2],
			"to": [4, 1, 3],
			"rotation": {"angle": 22.5, "axis": "y", "origin": [8, 8, 8]},
			"faces": {
				"north": {"uv": [0, 0, 1, 1], "texture": "#1"},
				"east": {"uv": [0, 0, 1, 1], "texture": "#1"},
				"south": {"uv": [0, 0, 1, 1], "texture": "#1"},
				"west": {"uv": [0, 0, 1, 1], "texture": "#1"},
				"up": {"uv": [0, 0, 1, 1], "texture": "#1"},
				"down": {"uv": [0, 0, 1, 1], "texture": "#1"}
			}
		},
		{
			"name": "Leave2",
			"from": [3, 0, 8],
			"to": [4, 1, 9],
			"faces": {
				"north": {"uv": [0, 0, 1, 1], "texture": "#1"},
				"east": {"uv": [0, 0, 1, 1], "texture": "#1"},
				"south": {"uv": [0, 0, 1, 1], "texture": "#1"},
				"west": {"uv": [0, 0, 1, 1], "texture": "#1"},
				"up": {"uv": [0, 0, 1, 1], "texture": "#1"},
				"down": {"uv": [0, 0, 1, 1], "texture": "#1"}
			}
		},
		{
			"name": "Twig1b",
			"from": [11.5, 0.1, 9.7],
			"to": [12.3, 0.9, 11.7],
			"rotation": {"angle": -22.5, "axis": "y", "origin": [12, 0.5, 10.5]},
			"faces": {
				"north": {"uv": [0, 0, 1, 1], "texture": "#0"},
				"east": {"uv": [11, 0, 13, 1], "texture": "#0"},
				"south": {"uv": [0, 0, 1, 1], "texture": "#0"},
				"west": {"uv": [11, 0, 13, 1], "texture": "#0"},
				"up": {"uv": [11, 0, 13, 1], "rotation": 270, "texture": "#0"},
				"down": {"uv": [11, 0, 13, 1], "rotation": 90, "texture": "#0"}
			}
		},
		{
			"name": "Twig2",
			"from": [2, 0, 9],
			"to": [13, 1, 10],
			"faces": {
				"north": {"uv": [0, 4, 11, 5], "texture": "#0"},
				"east": {"uv": [0, 0, 1, 1], "texture": "#0"},
				"south": {"uv": [0, 4, 11, 5], "texture": "#0"},
				"west": {"uv": [0, 0, 1, 1], "texture": "#0"},
				"up": {"uv": [0, 4, 11, 5], "texture": "#0"},
				"down": {"uv": [0, 4, 11, 5], "texture": "#0"}
			}
		},
		{
			"name": "Leave3",
			"from": [6, 0, 10],
			"to": [7, 1, 11],
			"faces": {
				"north": {"uv": [3, 1, 4, 2], "texture": "#1"},
				"east": {"uv": [3, 1, 4, 2], "texture": "#1"},
				"south": {"uv": [3, 1, 4, 2], "texture": "#1"},
				"west": {"uv": [3, 1, 4, 2], "texture": "#1"},
				"up": {"uv": [3, 1, 4, 2], "texture": "#1"},
				"down": {"uv": [3, 1, 4, 2], "texture": "#1"}
			}
		},
		{
			"name": "Leave4",
			"from": [10.3, 0.1, 10.6],
			"to": [11.1, 0.9, 11.4],
			"rotation": {"angle": -22.5, "axis": "y", "origin": [11.4, 0.5, 11.4]},
			"faces": {
				"north": {"uv": [3, 1, 4, 2], "texture": "#1"},
				"east": {"uv": [3, 1, 4, 2], "texture": "#1"},
				"south": {"uv": [3, 1, 4, 2], "texture": "#1"},
				"west": {"uv": [3, 1, 4, 2], "texture": "#1"},
				"up": {"uv": [3, 1, 4, 2], "rotation": 270, "texture": "#1"},
				"down": {"uv": [3, 1, 4, 2], "rotation": 90, "texture": "#1"}
			}
		}
	],
	"groups": [
		{
			"name": "1",
			"children": [0, 1, 2]
		},
		{
			"name": "2",
			"children": [3, 4, 5, 6, 7]
		}
	]
}