{
	"providers": [
		{
            "type": "bitmap",
            "file": "minecraft:font/default.png",
            "ascent": 6,
            "height": 6,
            "chars": ["\uE140\uE141\uE142\uE143\uE144\uE145\uE146\uE147\uE148\uE149","\uE14A\uE14B\uE14C\uE14D\uE14E\uE14F\uE150\uE151\uE152\uE153","\uE154\uE155\uE156\uE157\uE158\uE159\uE15A\uE15B\uE15C\uE15D","\uE15E\uE15F\uE160\uE161\uE162\uE163\uE164\uE165\uE166\uE167","\uE168\uE169\uE16A\uE16B\uE16C\uE16D\uE16E\uE16F\uE170\uE171","\uE172\uE173\uE174\uE175\uE176\uE177\uE178\uE179\uE17A\uE17B","\uE17C\uE17D\uE17E\uE17F\uE180\uE181\uE182\uE183\uE184\uE185","\uE186\uE187\uE188\uE189\uE18A\uE18B\uE18C\uE18D\uE18E\uE18F"]
        },
		{ 
			"type": "bitmap", 
			"file": "minecraft:font/icons.png", 
			"ascent": 7, 
			"chars": ["\uE000\uE001","\uE002 "] 
		},
		{
			"type": "bitmap",
			"file": "minecraft:font/default.png",
			"ascent": 2,
			"height": 2,
			"chars": ["\uE040\uE041\uE042\uE043\uE044\uE045\uE046\uE047\uE048\uE049","\uE04A\uE04B\uE04C\uE04D\uE04E\uE04F\uE050\uE051\uE052\uE053","\uE054\uE055\uE056\uE057\uE058\uE059\uE05A\uE05B\uE05C\uE05D","\uE05E\uE05F\uE060\uE061\uE062\uE063\uE064\uE065\uE066\uE067","\uE068\uE069\uE06A\uE06B\uE06C\uE06D\uE06E\uE06F\uE070\uE071","\uE072\uE073\uE074\uE075\uE076\uE077\uE078\uE079\uE07A\uE07B","\uE07C\uE07D\uE07E\uE07F\uE080\uE081\uE082\uE083\uE084\uE085","\uE086\uE087\uE088\uE089\uE08A\uE08B\uE08C\uE08D\uE08E\uE08F"]
		},
		{
			"type": "bitmap",
			"file": "minecraft:font/beeb.png",
			"ascent": 8,
			"height": 8,
			"chars": ["\uEBEE"]
		},
		{
			"type": "bitmap",
			"file": "minecraft:gui/stonecutter_overlay.png",
			"ascent": 0,
			"height": 82,
			"chars": ["\uE00F"]
		},
		{
			"type": "bitmap",
			"file": "minecraft:gui/space.png",
			"ascent": -32768,
			"height": -112,
			"chars": ["\uE003"]
		}
	]
}